{"stats":{"minecraft:custom":{"minecraft:interact_with_crafting_table":42,"minecraft:open_barrel":13,"minecraft:bell_ring":48,"minecraft:leave_game":11,"minecraft:time_since_death":408209,"minecraft:sprint_one_cm":591993,"minecraft:drop":29,"minecraft:talked_to_villager":5,"minecraft:play_time":598052,"minecraft:deaths":1,"minecraft:jump":3325,"minecraft:walk_on_water_one_cm":61290,"minecraft:interact_with_furnace":20,"minecraft:traded_with_villager":1,"minecraft:sleep_in_bed":7,"minecraft:waystone_activated":2,"minecraft:damage_dealt":22990,"minecraft:crouch_one_cm":29496,"tombstone:undead_killed":54,"minecraft:interact_with_smoker":1,"minecraft:horse_one_cm":38154,"minecraft:interact_with_smithing_table":2,"minecraft:mob_kills":99,"minecraft:inspect_hopper":8,"minecraft:climb_one_cm":56457,"minecraft:walk_one_cm":2094574,"minecraft:damage_dealt_absorbed":2052,"minecraft:sneak_time":15479,"minecraft:walk_under_water_one_cm":34165,"minecraft:interact_with_blast_furnace":1,"minecraft:total_world_time":598052,"tombstone:raider_killed":17,"minecraft:raid_trigger":1,"minecraft:interact_with_grindstone":1,"minecraft:time_since_rest":112658,"minecraft:damage_taken":8259,"minecraft:damage_absorbed":321,"minecraft:swim_one_cm":56701,"minecraft:fly_one_cm":852535,"minecraft:open_chest":244,"minecraft:fall_one_cm":226255},"minecraft:picked_up":{"minecraft:wheat":161,"minecraft:redstone_block":1,"minecraft:anvil":5,"minecraft:enchanted_book":1,"minecraft:stone_brick_stairs":18,"minecraft:amethyst_block":51,"minecraft:polished_deepslate":1,"minecraft:string":3,"minecraft:raw_copper":37,"minecraft:smooth_stone_slab":27,"irons_spellbooks:arcane_essence":6,"minecraft:white_tulip":1,"minecraft:rose_bush":4,"minecraft:calcite":80,"minecraft:smooth_quartz":459,"dynamictrees:oak_seed":164,"minecraft:melon_slice":2,"irons_spellbooks:inscription_table":1,"minecraft:furnace":4,"minecraft:stick":600,"minecraft:polished_deepslate_stairs":3,"minecraft:torch":45,"epicfight:skillbook":1,"tombstone:grave_dust":8,"minecraft:diorite":115,"minecraft:deepslate_tile_stairs":16,"mna:sachet_ender":3,"minecraft:rotten_flesh":30,"minecraft:blue_dye":7,"farmersdelight:rope":9,"minecraft:obsidian":3,"minecraft:iron_bars":2,"bloodandmadness:blood_stone_shard":2,"minecraft:blaze_powder":1,"minecraft:cobblestone":1123,"minecraft:birch_log":53,"minecraft:cooked_beef":1,"minecraft:repeater":3,"minecraft:iron_door":2,"minecraft:andesite":128,"mna:sachet_water":4,"minecraft:chiseled_quartz_block":122,"ars_nouveau:magebloom":1,"minecraft:flint":7,"arclight:arclight_gem":2,"minecraft:gray_concrete":18,"minecraft:dirt":909,"minecraft:lantern":1,"minecraft:bone":8,"croptopia:corn":1,"croptopia:sweetpotato":1,"minecraft:orange_tulip":2,"minecraft:bow":1,"delightful:mini_melon":14,"minecraft:wheat_seeds":307,"minecraft:grindstone":1,"minecraft:glowstone_dust":1,"minecraft:oak_planks":1,"minecraft:sand":125,"minecraft:grass_block":1,"minecraft:light_gray_concrete":346,"minecraft:polished_andesite":9,"minecraft:dispenser":1,"minecraft:diamond":1,"minecraft:black_concrete":8,"minecraft:lever":1,"minecraft:granite":42,"minecraft:bread":14,"minecraft:emerald":4,"minecraft:netherrack":51,"minecraft:diamond_pickaxe":1,"minecraft:crafting_table":2,"minecraft:azure_bluet":2,"minecraft:ladder":8,"bloodandmadness:twin_blood_stone_shards":1,"minecraft:leather_leggings":1,"minecraft:redstone_lamp":4,"irons_spellbooks:tarnished_helmet":1,"croptopia:sweetpotato_seed":2,"minecraft:iron_axe":1,"minecraft:iron_shovel":1,"minecraft:item_frame":4,"mna:vinteum_ore":15,"minecraft:birch_fence":1,"bloodandmadness:blood_vial":3,"minecraft:cracked_stone_bricks":1,"minecraft:beef":9,"croptopia:pepper_seed":2,"minecraft:spruce_slab":9,"minecraft:quartz_stairs":8,"minecraft:chest":11,"mna:sachet_fire":1,"minecraft:phantom_membrane":1,"mna:mark_of_the_nether":1,"minecraft:raw_iron":51,"pipez:item_pipe":5,"minecraft:stone_button":2,"minecraft:carrot":1,"minecraft:redstone":6,"bloodandmadness:beastblood_clump":1,"minecraft:stone_pressure_plate":12,"minecraft:arrow":17,"arclight:cryorium_gem":11,"minecraft:deepslate_bricks":131,"minecraft:hay_block":12,"sophisticatedbackpacks:copper_backpack":1,"minecraft:cracked_deepslate_bricks":14,"bloodandmadness:sanguisteel_nugget":2,"immersive_armors:warrior_chestplate":1,"minecraft:totem_of_undying":2,"minecraft:gold_ingot":21,"croptopia:pepper":1,"mna:vinteum_dust":2,"minecraft:glow_berries":1,"minecraft:leather":5,"rlovelyr:dragon_spawn":3,"minecraft:oak_log":372,"minecraft:gunpowder":1,"minecraft:cobblestone_stairs":1,"minecraft:white_banner":7,"tombstone:gift":1,"minecraft:apple":27,"minecraft:stone_bricks":14,"quarry:quarry_block":2,"minecraft:iron_ingot":4,"dynamictrees:birch_seed":20,"minecraft:oak_slab":2,"minecraft:smooth_basalt":63,"minecraft:stone_brick_slab":2,"minecraft:quartz":4,"minecraft:gravel":38,"minecraft:amethyst_shard":50,"epicfight:uchigatana":2,"minecraft:soul_torch":2,"delightful:salmonberries":2,"minecraft:spruce_log":36,"mna:aum":1,"minecraft:spider_eye":1,"minecraft:diamond_axe":1,"immersive_armors:heavy_boots":1,"tombstone:magic_scroll":1,"minecraft:coal":75},"minecraft:killed":{"minecraft:witch":2,"minecraft:spider":1,"minecraft:skeleton":11,"bloodandmadness:beast_patient":2,"irons_spellbooks:summoned_skeleton":3,"minecraft:creeper":2,"minecraft:pillager":8,"minecraft:zombie":35,"alexsmobs:fly":1,"minecraft:cow":4,"minecraft:evoker":2,"minecraft:vex":4,"bloodandmadness:church_doctor":2,"irons_spellbooks:summoned_zombie":2,"bloodandmadness:cloaked_beast_patient":1,"minecraft:vindicator":3,"rlovelyr:dragon":1,"minecraft:phantom":2,"bloodandmadness:huntsman_axe":4,"mna:barkling":1,"mna:hulking_zombie":1,"mna:living_ward":1,"mna:witch_hunter":1,"minecraft:enderman":1},"minecraft:crafted":{"pipez:wrench":1,"minecraft:oak_planks":652,"minecraft:melon_slice":42,"minecraft:cooked_chicken":1,"pipez:item_pipe":16,"minecraft:diamond_shovel":1,"minecraft:cooked_mutton":4,"minecraft:glass":46,"minecraft:hopper":3,"minecraft:birch_fence_gate":1,"minecraft:chest":16,"minecraft:dropper":2,"minecraft:emerald":9,"minecraft:diamond_axe":2,"minecraft:crafting_table":4,"minecraft:spruce_planks":128,"minecraft:wooden_pickaxe":1,"minecraft:birch_planks":124,"rechiseled:chisel":1,"farmersdelight:cutting_board":1,"onlyhammers:obsidian_hammer":1,"minecraft:diamond_pickaxe":1,"minecraft:emerald_block":1,"constructionwand:stone_wand":1,"minecraft:birch_fence":66,"sophisticatedbackpacks:diamond_backpack":2,"minecraft:stick":52,"minecraft:iron_ingot":19,"minecraft:stone_sword":1,"minecraft:gold_ingot":9,"minecraft:redstone_torch":2,"minecraft:netherite_ingot":3,"minecraft:observer":1,"minecraft:wheat":108,"sophisticatedbackpacks:iron_backpack":1,"sophisticatedbackpacks:gold_backpack":1,"minecraft:stone_axe":1,"quarry:area_card":1,"minecraft:bread":74,"mna:fall_charm":1,"quarry:quarry_block":1,"minecraft:golden_apple":21,"mna:wand_iron":1},"minecraft:used":{"minecraft:iron_shovel":199,"minecraft:ladder":6,"minecraft:chest":23,"sophisticatedbackpacks:diamond_backpack":2,"farmersdelight:cutting_board":1,"minecraft:furnace":4,"pipez:item_pipe":11,"epicfight:skillbook":10,"minecraft:stone_pickaxe":17,"minecraft:wooden_pickaxe":20,"minecraft:diamond_axe":364,"minecraft:golden_apple":8,"minecraft:birch_fence":59,"minecraft:melon_slice":25,"minecraft:bread":102,"minecraft:smooth_stone_slab":2,"minecraft:stone_sword":16,"onlyhammers:obsidian_hammer":2258,"minecraft:cooked_chicken":1,"minecraft:torch":37,"minecraft:dirt":122,"minecraft:hopper":1,"farmersdelight:rope":10,"minecraft:stone_brick_slab":1,"tombstone:gift":6,"minecraft:cooked_beef":1,"minecraft:cooked_mutton":4,"rlovelyr:dragon_spawn":2,"minecraft:oak_slab":2,"minecraft:crafting_table":6,"quarry:quarry_block":3,"minecraft:diamond_pickaxe":982,"quarry:area_card":4,"minecraft:iron_pickaxe":50,"minecraft:stone_axe":47,"minecraft:cobblestone":48,"minecraft:potion":3,"minecraft:cooked_porkchop":6,"alexsmobs:animal_dictionary":1,"epicfight:uchigatana":317},"minecraft:killed_by":{"minecraft:player":1},"minecraft:mined":{"minecraft:large_amethyst_bud":2,"minecraft:spruce_planks":2,"minecraft:obsidian":1,"minecraft:potted_dead_bush":1,"minecraft:granite":44,"minecraft:budding_amethyst":13,"minecraft:grass_block":46,"minecraft:deepslate_bricks":130,"minecraft:deepslate_tile_stairs":5,"minecraft:magma_block":4,"minecraft:iron_ore":37,"minecraft:anvil":1,"minecraft:azure_bluet":1,"minecraft:dark_oak_stairs":1,"minecraft:iron_bars":2,"minecraft:light_gray_concrete":395,"minecraft:spruce_slab":4,"minecraft:polished_deepslate_stairs":3,"minecraft:medium_amethyst_bud":4,"minecraft:amethyst_cluster":10,"minecraft:chiseled_quartz_block":115,"minecraft:torch":21,"minecraft:calcite":97,"minecraft:chest":10,"minecraft:cobblestone":3,"minecraft:grindstone":1,"minecraft:oak_planks":1,"minecraft:iron_door":2,"minecraft:wall_torch":19,"minecraft:amethyst_block":51,"minecraft:light_gray_stained_glass":4,"minecraft:wheat":1,"minecraft:stone_brick_stairs":39,"minecraft:smooth_stone_slab":84,"minecraft:grass":44,"minecraft:oak_log":1,"delightful:mini_melon":14,"minecraft:dirt":54,"minecraft:sand":125,"minecraft:smooth_quartz":522,"minecraft:smooth_basalt":102,"minecraft:dispenser":1,"minecraft:stonecutter":1,"minecraft:netherrack":55,"minecraft:redstone_lamp":4,"arclight:cryorium_ore":11,"minecraft:quartz_stairs":5,"dynamictrees:birch_branch":87,"minecraft:ladder":1,"arclight:arclight_ore":2,"minecraft:redstone_wire":1,"mna:vinteum_ore":13,"minecraft:hay_block":12,"minecraft:furnace":4,"minecraft:andesite":129,"minecraft:black_concrete":8,"minecraft:polished_deepslate":9,"dynamictrees:oak_branch":51,"farmersdelight:rope":9,"minecraft:lantern":1,"irons_spellbooks:inscription_table":1,"minecraft:stone":856,"minecraft:white_tulip":1,"minecraft:oak_slab":2,"minecraft:redstone_block":1,"minecraft:gray_concrete":17,"minecraft:glass_pane":12,"minecraft:stone_brick_slab":1,"pipez:item_pipe":5,"minecraft:crafting_table":2,"minecraft:tall_grass":3,"minecraft:copper_ore":8,"delightful:wild_salmonberries":2,"minecraft:cracked_deepslate_bricks":16,"minecraft:diorite":108,"minecraft:air":87,"minecraft:gray_wool":4,"minecraft:spruce_log":36,"minecraft:coal_ore":74,"minecraft:gravel":44,"minecraft:cracked_stone_bricks":1,"minecraft:polished_andesite":26,"minecraft:stone_bricks":8,"minecraft:birch_fence":1},"minecraft:broken":{"minecraft:diamond_helmet":1,"minecraft:leather_leggings":1,"minecraft:diamond_boots":1,"minecraft:diamond_chestplate":1,"minecraft:diamond_leggings":1,"immersive_armors:heavy_boots":1},"minecraft:dropped":{"minecraft:diamond_axe":1,"minecraft:diamond":16,"minecraft:emerald":16,"minecraft:dirt":194,"minecraft:wheat":57,"minecraft:iron_ingot":9,"minecraft:bread":5,"minecraft:wheat_seeds":1,"minecraft:cobblestone":70,"croptopia:sweetpotato":1,"minecraft:stick":12,"minecraft:melon_slice":2,"epicfight:uchigatana":2,"bloodandmadness:sanguisteel_nugget":1,"minecraft:stone_pressure_plate":12}},"DataVersion":3120}