{"stats":{"minecraft:custom":{"minecraft:mob_kills":57,"minecraft:interact_with_crafting_table":22,"minecraft:open_barrel":6,"minecraft:bell_ring":48,"minecraft:leave_game":7,"minecraft:time_since_death":140033,"minecraft:climb_one_cm":54185,"minecraft:sprint_one_cm":350567,"minecraft:walk_one_cm":1158420,"minecraft:drop":14,"minecraft:damage_dealt_absorbed":1549,"minecraft:talked_to_villager":3,"minecraft:play_time":329876,"minecraft:deaths":1,"minecraft:sneak_time":11859,"minecraft:walk_under_water_one_cm":10864,"minecraft:jump":2050,"minecraft:walk_on_water_one_cm":29289,"minecraft:total_world_time":329876,"minecraft:interact_with_furnace":5,"tombstone:raider_killed":17,"minecraft:traded_with_villager":1,"minecraft:raid_trigger":1,"minecraft:interact_with_grindstone":1,"minecraft:sleep_in_bed":3,"minecraft:time_since_rest":5281,"minecraft:waystone_activated":2,"minecraft:damage_taken":4661,"minecraft:damage_absorbed":321,"minecraft:damage_dealt":14061,"minecraft:swim_one_cm":34488,"minecraft:fly_one_cm":542804,"minecraft:open_chest":98,"minecraft:crouch_one_cm":27681,"tombstone:undead_killed":24,"minecraft:fall_one_cm":144611,"minecraft:horse_one_cm":38154},"minecraft:broken":{"minecraft:diamond_helmet":1,"minecraft:diamond_boots":1},"minecraft:killed_by":{"minecraft:player":1},"minecraft:killed":{"minecraft:evoker":2,"minecraft:vex":4,"bloodandmadness:church_doctor":1,"minecraft:witch":2,"bloodandmadness:cloaked_beast_patient":1,"minecraft:vindicator":3,"minecraft:spider":1,"rlovelyr:dragon":1,"minecraft:phantom":2,"minecraft:skeleton":5,"bloodandmadness:beast_patient":1,"irons_spellbooks:summoned_skeleton":2,"mna:hulking_zombie":1,"mna:witch_hunter":1,"minecraft:creeper":1,"minecraft:pillager":8,"minecraft:zombie":14,"minecraft:cow":4},"minecraft:used":{"minecraft:stone_sword":16,"onlyhammers:obsidian_hammer":1090,"minecraft:ladder":6,"minecraft:torch":24,"minecraft:dirt":10,"farmersdelight:rope":10,"sophisticatedbackpacks:diamond_backpack":2,"minecraft:stone_brick_slab":1,"farmersdelight:cutting_board":1,"tombstone:gift":6,"minecraft:cooked_beef":1,"epicfight:skillbook":10,"rlovelyr:dragon_spawn":2,"minecraft:wooden_pickaxe":20,"minecraft:diamond_axe":338,"minecraft:golden_apple":8,"minecraft:oak_slab":2,"minecraft:crafting_table":3,"minecraft:diamond_pickaxe":982,"minecraft:bread":61,"minecraft:potion":3,"minecraft:cobblestone":23,"minecraft:cooked_porkchop":6,"alexsmobs:animal_dictionary":1,"minecraft:smooth_stone_slab":2,"epicfight:uchigatana":180},"minecraft:mined":{"minecraft:spruce_planks":2,"minecraft:quartz_stairs":5,"dynamictrees:birch_branch":87,"minecraft:obsidian":1,"minecraft:ladder":1,"minecraft:potted_dead_bush":1,"minecraft:grass_block":16,"minecraft:redstone_wire":1,"minecraft:deepslate_bricks":130,"minecraft:deepslate_tile_stairs":5,"mna:vinteum_ore":2,"minecraft:hay_block":7,"minecraft:magma_block":4,"minecraft:iron_ore":8,"minecraft:black_concrete":8,"minecraft:azure_bluet":1,"minecraft:dark_oak_stairs":1,"minecraft:polished_deepslate":9,"dynamictrees:oak_branch":51,"farmersdelight:rope":9,"minecraft:iron_bars":2,"minecraft:lantern":1,"minecraft:light_gray_concrete":395,"irons_spellbooks:inscription_table":1,"minecraft:white_tulip":1,"minecraft:stone":454,"minecraft:spruce_slab":4,"minecraft:oak_slab":2,"minecraft:redstone_block":1,"minecraft:gray_concrete":17,"minecraft:glass_pane":12,"minecraft:polished_deepslate_stairs":3,"minecraft:stone_brick_slab":1,"minecraft:chiseled_quartz_block":115,"minecraft:crafting_table":1,"minecraft:torch":19,"minecraft:copper_ore":2,"minecraft:cobblestone":3,"minecraft:tall_grass":2,"minecraft:oak_planks":1,"minecraft:cracked_deepslate_bricks":16,"minecraft:iron_door":2,"minecraft:wall_torch":3,"minecraft:air":87,"minecraft:gray_wool":4,"minecraft:light_gray_stained_glass":4,"minecraft:spruce_log":36,"minecraft:stone_brick_stairs":39,"minecraft:smooth_stone_slab":84,"minecraft:grass":13,"minecraft:dirt":18,"minecraft:smooth_quartz":522,"minecraft:dispenser":1,"minecraft:polished_andesite":24,"minecraft:stonecutter":1,"minecraft:stone_bricks":8,"minecraft:netherrack":55,"minecraft:redstone_lamp":4},"minecraft:picked_up":{"minecraft:crafting_table":1,"minecraft:wheat":57,"minecraft:azure_bluet":2,"bloodandmadness:twin_blood_stone_shards":1,"minecraft:redstone_block":1,"minecraft:ladder":8,"minecraft:leather_leggings":1,"minecraft:redstone_lamp":4,"irons_spellbooks:tarnished_helmet":1,"croptopia:sweetpotato_seed":2,"minecraft:enchanted_book":1,"minecraft:stone_brick_stairs":18,"minecraft:polished_deepslate":1,"minecraft:string":3,"minecraft:raw_copper":4,"minecraft:iron_axe":1,"minecraft:smooth_stone_slab":27,"minecraft:iron_shovel":1,"mna:vinteum_ore":2,"bloodandmadness:blood_vial":1,"irons_spellbooks:arcane_essence":6,"minecraft:beef":9,"minecraft:white_tulip":1,"croptopia:pepper_seed":2,"dynamictrees:oak_seed":48,"minecraft:smooth_quartz":459,"minecraft:spruce_slab":9,"minecraft:quartz_stairs":8,"irons_spellbooks:inscription_table":1,"mna:sachet_fire":1,"minecraft:phantom_membrane":1,"mna:mark_of_the_nether":1,"minecraft:stick":207,"minecraft:raw_iron":19,"minecraft:polished_deepslate_stairs":3,"minecraft:torch":25,"epicfight:skillbook":1,"minecraft:stone_button":2,"tombstone:grave_dust":2,"minecraft:redstone":6,"minecraft:deepslate_tile_stairs":16,"mna:sachet_ender":3,"minecraft:stone_pressure_plate":12,"bloodandmadness:beastblood_clump":1,"minecraft:arrow":9,"minecraft:rotten_flesh":18,"minecraft:deepslate_bricks":131,"minecraft:hay_block":7,"minecraft:totem_of_undying":2,"minecraft:blue_dye":7,"minecraft:cracked_deepslate_bricks":14,"croptopia:pepper":1,"farmersdelight:rope":9,"minecraft:gold_ingot":21,"sophisticatedbackpacks:copper_backpack":1,"minecraft:obsidian":3,"minecraft:glow_berries":1,"minecraft:iron_bars":2,"minecraft:cobblestone":434,"minecraft:blaze_powder":1,"minecraft:birch_log":16,"minecraft:cooked_beef":1,"minecraft:repeater":3,"minecraft:iron_door":2,"minecraft:andesite":1,"mna:sachet_water":4,"minecraft:leather":5,"minecraft:chiseled_quartz_block":122,"rlovelyr:dragon_spawn":3,"minecraft:oak_log":141,"minecraft:gunpowder":1,"minecraft:cobblestone_stairs":1,"minecraft:gray_concrete":18,"minecraft:dirt":46,"minecraft:lantern":1,"minecraft:white_banner":7,"minecraft:bone":2,"croptopia:corn":1,"minecraft:apple":27,"minecraft:stone_bricks":14,"croptopia:sweetpotato":1,"minecraft:bow":1,"minecraft:wheat_seeds":165,"minecraft:iron_ingot":4,"dynamictrees:birch_seed":3,"minecraft:glowstone_dust":1,"minecraft:oak_planks":1,"minecraft:oak_slab":2,"minecraft:stone_brick_slab":2,"minecraft:quartz":4,"epicfight:uchigatana":2,"minecraft:soul_torch":2,"minecraft:spruce_log":36,"mna:aum":1,"minecraft:spider_eye":1,"minecraft:light_gray_concrete":346,"minecraft:polished_andesite":7,"minecraft:dispenser":1,"minecraft:diamond":1,"minecraft:black_concrete":8,"minecraft:lever":1,"minecraft:diamond_axe":1,"immersive_armors:heavy_boots":1,"minecraft:emerald":4,"minecraft:bread":11,"tombstone:magic_scroll":1,"minecraft:netherrack":51,"minecraft:diamond_pickaxe":1},"minecraft:crafted":{"minecraft:oak_planks":40,"minecraft:diamond_shovel":1,"minecraft:hopper":1,"minecraft:chest":2,"minecraft:wheat":63,"sophisticatedbackpacks:iron_backpack":1,"minecraft:diamond_axe":2,"minecraft:crafting_table":2,"minecraft:spruce_planks":108,"minecraft:wooden_pickaxe":1,"sophisticatedbackpacks:gold_backpack":1,"minecraft:stone_axe":1,"minecraft:bread":21,"rechiseled:chisel":1,"farmersdelight:cutting_board":1,"onlyhammers:obsidian_hammer":1,"mna:fall_charm":1,"quarry:quarry_block":1,"minecraft:diamond_pickaxe":1,"minecraft:golden_apple":8,"minecraft:emerald_block":1,"constructionwand:stone_wand":1,"sophisticatedbackpacks:diamond_backpack":2,"minecraft:stick":20,"minecraft:stone_sword":1,"minecraft:redstone_torch":1,"minecraft:netherite_ingot":3,"mna:wand_iron":1},"minecraft:dropped":{"minecraft:iron_ingot":9,"minecraft:bread":2,"minecraft:wheat_seeds":1,"minecraft:diamond_axe":1,"minecraft:diamond":16,"minecraft:stick":12,"minecraft:emerald":16,"epicfight:uchigatana":2,"minecraft:wheat":57,"minecraft:stone_pressure_plate":12}},"DataVersion":3120}