{"stats":{"minecraft:picked_up":{"minecraft:crafting_table":2,"minecraft:wheat":161,"minecraft:azure_bluet":2,"minecraft:redstone_block":1,"bloodandmadness:twin_blood_stone_shards":1,"minecraft:ladder":8,"minecraft:redstone_lamp":4,"minecraft:leather_leggings":1,"irons_spellbooks:tarnished_helmet":1,"croptopia:sweetpotato_seed":2,"minecraft:enchanted_book":1,"minecraft:stone_brick_stairs":18,"minecraft:polished_deepslate":1,"minecraft:string":3,"minecraft:raw_copper":23,"minecraft:iron_axe":1,"minecraft:smooth_stone_slab":27,"minecraft:iron_shovel":1,"mna:vinteum_ore":4,"bloodandmadness:blood_vial":1,"minecraft:cracked_stone_bricks":1,"irons_spellbooks:arcane_essence":6,"minecraft:beef":9,"minecraft:white_tulip":1,"minecraft:rose_bush":4,"croptopia:pepper_seed":2,"dynamictrees:oak_seed":164,"minecraft:smooth_quartz":459,"minecraft:spruce_slab":9,"minecraft:quartz_stairs":8,"minecraft:chest":4,"irons_spellbooks:inscription_table":1,"mna:sachet_fire":1,"minecraft:phantom_membrane":1,"mna:mark_of_the_nether":1,"minecraft:raw_iron":19,"minecraft:stick":600,"minecraft:polished_deepslate_stairs":3,"pipez:item_pipe":3,"minecraft:torch":45,"epicfight:skillbook":1,"minecraft:stone_button":2,"tombstone:grave_dust":4,"minecraft:diorite":41,"minecraft:carrot":1,"minecraft:redstone":6,"minecraft:deepslate_tile_stairs":16,"mna:sachet_ender":3,"bloodandmadness:beastblood_clump":1,"minecraft:stone_pressure_plate":12,"minecraft:arrow":11,"minecraft:rotten_flesh":25,"minecraft:deepslate_bricks":131,"minecraft:hay_block":12,"bloodandmadness:sanguisteel_nugget":2,"minecraft:blue_dye":7,"minecraft:cracked_deepslate_bricks":14,"farmersdelight:rope":9,"minecraft:gold_ingot":21,"croptopia:pepper":1,"minecraft:totem_of_undying":2,"sophisticatedbackpacks:copper_backpack":1,"minecraft:obsidian":3,"minecraft:glow_berries":1,"bloodandmadness:blood_stone_shard":2,"minecraft:iron_bars":2,"minecraft:blaze_powder":1,"minecraft:cobblestone":878,"minecraft:birch_log":53,"minecraft:cooked_beef":1,"minecraft:repeater":3,"minecraft:iron_door":2,"minecraft:andesite":58,"mna:sachet_water":4,"minecraft:leather":5,"minecraft:chiseled_quartz_block":122,"rlovelyr:dragon_spawn":3,"ars_nouveau:magebloom":1,"minecraft:flint":7,"minecraft:oak_log":371,"minecraft:gunpowder":1,"minecraft:cobblestone_stairs":1,"minecraft:gray_concrete":18,"minecraft:dirt":832,"minecraft:lantern":1,"minecraft:white_banner":7,"minecraft:bone":3,"croptopia:corn":1,"minecraft:wheat_seeds":305,"minecraft:apple":27,"minecraft:stone_bricks":14,"croptopia:sweetpotato":1,"quarry:quarry_block":2,"minecraft:bow":1,"delightful:mini_melon":7,"minecraft:orange_tulip":2,"minecraft:iron_ingot":4,"dynamictrees:birch_seed":20,"minecraft:glowstone_dust":1,"minecraft:oak_planks":1,"minecraft:oak_slab":2,"minecraft:stone_brick_slab":2,"minecraft:quartz":4,"minecraft:gravel":38,"minecraft:sand":125,"epicfight:uchigatana":2,"minecraft:soul_torch":2,"delightful:salmonberries":2,"minecraft:spruce_log":36,"minecraft:spider_eye":1,"mna:aum":1,"minecraft:light_gray_concrete":346,"minecraft:polished_andesite":9,"minecraft:dispenser":1,"minecraft:diamond":1,"minecraft:black_concrete":8,"minecraft:lever":1,"minecraft:diamond_axe":1,"minecraft:emerald":4,"immersive_armors:heavy_boots":1,"minecraft:bread":11,"tombstone:magic_scroll":1,"minecraft:netherrack":51,"minecraft:coal":15,"minecraft:diamond_pickaxe":1},"minecraft:custom":{"minecraft:interact_with_smithing_table":1,"minecraft:mob_kills":78,"minecraft:inspect_hopper":8,"minecraft:interact_with_crafting_table":38,"minecraft:open_barrel":12,"minecraft:bell_ring":48,"minecraft:leave_game":11,"minecraft:time_since_death":318209,"minecraft:climb_one_cm":56457,"minecraft:sprint_one_cm":564174,"minecraft:walk_one_cm":1787282,"minecraft:drop":23,"minecraft:damage_dealt_absorbed":1814,"minecraft:talked_to_villager":3,"minecraft:play_time":508052,"minecraft:deaths":1,"minecraft:sneak_time":14108,"minecraft:walk_under_water_one_cm":34165,"minecraft:jump":2829,"minecraft:interact_with_blast_furnace":1,"minecraft:walk_on_water_one_cm":61290,"minecraft:total_world_time":508052,"minecraft:interact_with_furnace":20,"tombstone:raider_killed":17,"minecraft:traded_with_villager":1,"minecraft:raid_trigger":1,"minecraft:interact_with_grindstone":1,"minecraft:sleep_in_bed":7,"minecraft:time_since_rest":22658,"minecraft:waystone_activated":2,"minecraft:damage_taken":7126,"minecraft:damage_absorbed":321,"minecraft:damage_dealt":18673,"minecraft:swim_one_cm":56701,"minecraft:fly_one_cm":802789,"minecraft:open_chest":190,"minecraft:crouch_one_cm":28787,"tombstone:undead_killed":37,"minecraft:fall_one_cm":191859,"minecraft:horse_one_cm":38154},"minecraft:killed":{"minecraft:vex":4,"minecraft:evoker":2,"bloodandmadness:church_doctor":1,"minecraft:witch":2,"bloodandmadness:cloaked_beast_patient":1,"minecraft:spider":1,"minecraft:vindicator":3,"rlovelyr:dragon":1,"minecraft:phantom":2,"minecraft:skeleton":6,"bloodandmadness:beast_patient":2,"bloodandmadness:huntsman_axe":4,"irons_spellbooks:summoned_skeleton":2,"mna:hulking_zombie":1,"mna:living_ward":1,"mna:witch_hunter":1,"minecraft:creeper":1,"minecraft:pillager":8,"minecraft:zombie":26,"alexsmobs:fly":1,"minecraft:cow":4},"minecraft:crafted":{"pipez:wrench":1,"minecraft:oak_planks":140,"minecraft:melon_slice":21,"minecraft:cooked_chicken":1,"pipez:item_pipe":16,"minecraft:diamond_shovel":1,"minecraft:cooked_mutton":4,"minecraft:glass":46,"minecraft:hopper":3,"minecraft:birch_fence_gate":1,"minecraft:chest":16,"minecraft:observer":1,"sophisticatedbackpacks:iron_backpack":1,"minecraft:wheat":108,"minecraft:dropper":2,"minecraft:diamond_axe":2,"minecraft:crafting_table":4,"minecraft:spruce_planks":128,"minecraft:wooden_pickaxe":1,"sophisticatedbackpacks:gold_backpack":1,"minecraft:birch_planks":32,"minecraft:stone_axe":1,"quarry:area_card":1,"minecraft:bread":74,"rechiseled:chisel":1,"farmersdelight:cutting_board":1,"onlyhammers:obsidian_hammer":1,"mna:fall_charm":1,"quarry:quarry_block":1,"minecraft:diamond_pickaxe":1,"minecraft:golden_apple":21,"minecraft:emerald_block":1,"sophisticatedbackpacks:diamond_backpack":2,"constructionwand:stone_wand":1,"minecraft:birch_fence":21,"minecraft:stick":36,"minecraft:iron_ingot":19,"minecraft:stone_sword":1,"minecraft:gold_ingot":9,"minecraft:redstone_torch":2,"minecraft:netherite_ingot":3,"mna:wand_iron":1},"minecraft:used":{"minecraft:iron_shovel":186,"minecraft:stone_sword":16,"onlyhammers:obsidian_hammer":1232,"minecraft:ladder":6,"minecraft:chest":12,"minecraft:cooked_chicken":1,"minecraft:torch":34,"minecraft:dirt":86,"minecraft:hopper":1,"farmersdelight:rope":10,"sophisticatedbackpacks:diamond_backpack":2,"minecraft:stone_brick_slab":1,"farmersdelight:cutting_board":1,"tombstone:gift":6,"pipez:item_pipe":7,"minecraft:cooked_beef":1,"minecraft:cooked_mutton":4,"epicfight:skillbook":10,"rlovelyr:dragon_spawn":2,"minecraft:wooden_pickaxe":20,"minecraft:diamond_axe":364,"minecraft:golden_apple":8,"minecraft:oak_slab":2,"minecraft:crafting_table":6,"quarry:quarry_block":3,"minecraft:diamond_pickaxe":982,"quarry:area_card":4,"minecraft:iron_pickaxe":9,"minecraft:bread":88,"minecraft:melon_slice":15,"minecraft:stone_axe":29,"minecraft:cobblestone":23,"minecraft:potion":3,"minecraft:cooked_porkchop":6,"alexsmobs:animal_dictionary":1,"minecraft:smooth_stone_slab":2,"epicfight:uchigatana":247},"minecraft:killed_by":{"minecraft:player":1},"minecraft:mined":{"minecraft:spruce_planks":2,"minecraft:quartz_stairs":5,"dynamictrees:birch_branch":87,"minecraft:obsidian":1,"minecraft:potted_dead_bush":1,"minecraft:ladder":1,"minecraft:grass_block":41,"minecraft:redstone_wire":1,"minecraft:deepslate_bricks":130,"minecraft:deepslate_tile_stairs":5,"mna:vinteum_ore":2,"minecraft:hay_block":12,"minecraft:magma_block":4,"minecraft:iron_ore":8,"minecraft:andesite":36,"minecraft:black_concrete":8,"minecraft:azure_bluet":1,"minecraft:dark_oak_stairs":1,"minecraft:polished_deepslate":9,"dynamictrees:oak_branch":51,"farmersdelight:rope":9,"minecraft:iron_bars":2,"minecraft:lantern":1,"minecraft:light_gray_concrete":395,"minecraft:white_tulip":1,"irons_spellbooks:inscription_table":1,"minecraft:stone":522,"minecraft:spruce_slab":4,"minecraft:oak_slab":2,"minecraft:redstone_block":1,"minecraft:gray_concrete":17,"minecraft:glass_pane":12,"minecraft:polished_deepslate_stairs":3,"minecraft:stone_brick_slab":1,"pipez:item_pipe":3,"minecraft:chiseled_quartz_block":115,"minecraft:crafting_table":2,"minecraft:torch":21,"minecraft:chest":3,"minecraft:copper_ore":2,"minecraft:tall_grass":2,"minecraft:cobblestone":3,"minecraft:oak_planks":1,"minecraft:cracked_deepslate_bricks":16,"delightful:wild_salmonberries":2,"minecraft:diorite":8,"minecraft:iron_door":2,"minecraft:wall_torch":19,"minecraft:air":87,"minecraft:gray_wool":4,"minecraft:light_gray_stained_glass":4,"minecraft:wheat":1,"minecraft:spruce_log":36,"minecraft:stone_brick_stairs":39,"minecraft:smooth_stone_slab":84,"minecraft:grass":34,"minecraft:coal_ore":14,"delightful:mini_melon":7,"minecraft:smooth_quartz":522,"minecraft:gravel":42,"minecraft:sand":125,"minecraft:dirt":46,"minecraft:cracked_stone_bricks":1,"minecraft:stone_bricks":8,"minecraft:stonecutter":1,"minecraft:polished_andesite":26,"minecraft:dispenser":1,"minecraft:netherrack":55,"minecraft:redstone_lamp":4},"minecraft:broken":{"minecraft:diamond_chestplate":1,"minecraft:diamond_helmet":1,"minecraft:leather_leggings":1,"minecraft:diamond_leggings":1,"minecraft:diamond_boots":1},"minecraft:dropped":{"minecraft:iron_ingot":9,"minecraft:bread":2,"minecraft:wheat_seeds":1,"minecraft:diamond_axe":1,"minecraft:diamond":16,"minecraft:cobblestone":65,"croptopia:sweetpotato":1,"minecraft:stick":12,"minecraft:emerald":16,"minecraft:dirt":194,"epicfight:uchigatana":2,"minecraft:wheat":57,"bloodandmadness:sanguisteel_nugget":1,"minecraft:stone_pressure_plate":12}},"DataVersion":3120}