{"stats":{"minecraft:custom":{"minecraft:mob_kills":25,"minecraft:interact_with_crafting_table":8,"minecraft:open_barrel":6,"minecraft:leave_game":7,"minecraft:time_since_death":50732,"minecraft:climb_one_cm":48448,"minecraft:sprint_one_cm":197448,"minecraft:walk_one_cm":747266,"minecraft:drop":8,"minecraft:damage_dealt_absorbed":344,"minecraft:talked_to_villager":3,"minecraft:play_time":240575,"minecraft:deaths":1,"minecraft:sneak_time":11753,"minecraft:walk_under_water_one_cm":4274,"minecraft:jump":1335,"minecraft:walk_on_water_one_cm":10090,"minecraft:total_world_time":240575,"minecraft:interact_with_furnace":5,"tombstone:raider_killed":2,"minecraft:traded_with_villager":1,"minecraft:interact_with_grindstone":1,"minecraft:sleep_in_bed":1,"minecraft:time_since_rest":50111,"minecraft:waystone_activated":2,"minecraft:damage_taken":2275,"minecraft:damage_absorbed":90,"minecraft:damage_dealt":6219,"minecraft:swim_one_cm":6964,"minecraft:fly_one_cm":312511,"minecraft:open_chest":67,"minecraft:crouch_one_cm":27291,"tombstone:undead_killed":23,"minecraft:fall_one_cm":98131,"minecraft:horse_one_cm":38154},"minecraft:broken":{"minecraft:diamond_helmet":1},"minecraft:killed_by":{"minecraft:player":1},"minecraft:killed":{"bloodandmadness:cloaked_beast_patient":1,"minecraft:spider":1,"minecraft:phantom":2,"minecraft:skeleton":5,"bloodandmadness:beast_patient":1,"irons_spellbooks:summoned_skeleton":2,"mna:hulking_zombie":1,"minecraft:zombie":13,"minecraft:cow":1},"minecraft:used":{"minecraft:stone_sword":16,"onlyhammers:obsidian_hammer":619,"minecraft:ladder":6,"minecraft:torch":13,"minecraft:dirt":10,"farmersdelight:rope":10,"sophisticatedbackpacks:diamond_backpack":2,"tombstone:gift":4,"minecraft:cooked_beef":1,"epicfight:skillbook":10,"minecraft:wooden_pickaxe":20,"minecraft:diamond_axe":297,"minecraft:golden_apple":3,"minecraft:crafting_table":2,"minecraft:diamond_pickaxe":982,"minecraft:bread":28,"minecraft:cobblestone":20,"minecraft:cooked_porkchop":6,"alexsmobs:animal_dictionary":1,"minecraft:smooth_stone_slab":2,"epicfight:uchigatana":73},"minecraft:mined":{"minecraft:spruce_planks":2,"minecraft:quartz_stairs":5,"dynamictrees:birch_branch":87,"minecraft:obsidian":1,"minecraft:ladder":1,"minecraft:potted_dead_bush":1,"minecraft:grass_block":12,"minecraft:redstone_wire":1,"minecraft:deepslate_bricks":130,"minecraft:deepslate_tile_stairs":5,"mna:vinteum_ore":2,"minecraft:magma_block":4,"minecraft:iron_ore":8,"minecraft:black_concrete":8,"minecraft:azure_bluet":1,"minecraft:dark_oak_stairs":1,"minecraft:polished_deepslate":9,"dynamictrees:oak_branch":51,"farmersdelight:rope":9,"minecraft:iron_bars":2,"minecraft:lantern":1,"minecraft:light_gray_concrete":395,"minecraft:stone":41,"minecraft:spruce_slab":4,"minecraft:redstone_block":1,"minecraft:gray_concrete":17,"minecraft:glass_pane":12,"minecraft:polished_deepslate_stairs":3,"minecraft:stone_brick_slab":1,"minecraft:chiseled_quartz_block":115,"minecraft:crafting_table":1,"minecraft:torch":10,"minecraft:tall_grass":2,"minecraft:cracked_deepslate_bricks":16,"minecraft:iron_door":2,"minecraft:wall_torch":3,"minecraft:air":87,"minecraft:gray_wool":4,"minecraft:light_gray_stained_glass":4,"minecraft:spruce_log":36,"minecraft:stone_brick_stairs":39,"minecraft:smooth_stone_slab":84,"minecraft:grass":12,"minecraft:dirt":16,"minecraft:smooth_quartz":522,"minecraft:dispenser":1,"minecraft:polished_andesite":24,"minecraft:stonecutter":1,"minecraft:stone_bricks":8,"minecraft:netherrack":55,"minecraft:redstone_lamp":4},"minecraft:picked_up":{"minecraft:crafting_table":1,"minecraft:wheat":57,"minecraft:azure_bluet":2,"minecraft:redstone_block":1,"minecraft:ladder":8,"minecraft:redstone_lamp":4,"minecraft:enchanted_book":1,"minecraft:stone_brick_stairs":18,"minecraft:polished_deepslate":1,"minecraft:string":2,"minecraft:smooth_stone_slab":27,"mna:vinteum_ore":2,"irons_spellbooks:arcane_essence":3,"minecraft:beef":1,"dynamictrees:oak_seed":4,"minecraft:smooth_quartz":459,"minecraft:spruce_slab":9,"minecraft:quartz_stairs":8,"mna:sachet_fire":1,"minecraft:phantom_membrane":1,"mna:mark_of_the_nether":1,"minecraft:stick":10,"minecraft:raw_iron":19,"minecraft:polished_deepslate_stairs":3,"minecraft:torch":16,"minecraft:stone_button":2,"tombstone:grave_dust":2,"minecraft:redstone":6,"minecraft:deepslate_tile_stairs":16,"minecraft:stone_pressure_plate":12,"bloodandmadness:beastblood_clump":1,"minecraft:arrow":5,"minecraft:rotten_flesh":12,"minecraft:deepslate_bricks":131,"minecraft:blue_dye":7,"minecraft:cracked_deepslate_bricks":14,"farmersdelight:rope":9,"minecraft:gold_ingot":21,"minecraft:obsidian":3,"minecraft:glow_berries":1,"minecraft:iron_bars":2,"minecraft:cobblestone":40,"minecraft:blaze_powder":1,"minecraft:cooked_beef":1,"minecraft:repeater":3,"minecraft:iron_door":2,"minecraft:andesite":1,"minecraft:chiseled_quartz_block":122,"rlovelyr:dragon_spawn":1,"minecraft:oak_log":10,"minecraft:cobblestone_stairs":1,"minecraft:gray_concrete":18,"minecraft:dirt":26,"minecraft:lantern":1,"minecraft:bone":1,"minecraft:apple":27,"minecraft:stone_bricks":14,"minecraft:bow":1,"minecraft:wheat_seeds":164,"minecraft:stone_brick_slab":1,"minecraft:soul_torch":2,"minecraft:spruce_log":36,"minecraft:light_gray_concrete":346,"minecraft:polished_andesite":7,"minecraft:dispenser":1,"minecraft:diamond":1,"minecraft:black_concrete":8,"minecraft:lever":1,"minecraft:emerald":1,"minecraft:bread":10,"tombstone:magic_scroll":1,"minecraft:netherrack":51,"minecraft:diamond_pickaxe":1},"minecraft:crafted":{"minecraft:oak_planks":40,"sophisticatedbackpacks:iron_backpack":1,"minecraft:diamond_axe":1,"minecraft:crafting_table":1,"minecraft:wooden_pickaxe":1,"sophisticatedbackpacks:gold_backpack":1,"minecraft:stone_axe":1,"onlyhammers:obsidian_hammer":1,"mna:fall_charm":1,"minecraft:golden_apple":8,"minecraft:emerald_block":1,"constructionwand:stone_wand":1,"sophisticatedbackpacks:diamond_backpack":2,"minecraft:stick":4,"minecraft:stone_sword":1,"minecraft:netherite_ingot":3},"minecraft:dropped":{"minecraft:iron_ingot":9,"minecraft:diamond":16,"minecraft:stick":12,"minecraft:emerald":16,"minecraft:wheat":57,"minecraft:stone_pressure_plate":12}},"DataVersion":3120}