{"stats":{"minecraft:custom":{"minecraft:interact_with_crafting_table":45,"minecraft:open_barrel":26,"minecraft:bell_ring":48,"minecraft:leave_game":15,"minecraft:time_since_death":35698,"minecraft:sprint_one_cm":662806,"minecraft:drop":30,"minecraft:talked_to_villager":5,"minecraft:play_time":676251,"minecraft:deaths":2,"minecraft:jump":3851,"minecraft:walk_on_water_one_cm":82169,"minecraft:interact_with_furnace":20,"minecraft:traded_with_villager":1,"minecraft:sleep_in_bed":8,"minecraft:waystone_activated":2,"minecraft:damage_dealt":24689,"minecraft:crouch_one_cm":37795,"tombstone:undead_killed":56,"minecraft:interact_with_smoker":1,"minecraft:horse_one_cm":38154,"minecraft:interact_with_smithing_table":2,"minecraft:mob_kills":107,"minecraft:inspect_hopper":8,"minecraft:climb_one_cm":57359,"minecraft:walk_one_cm":2346978,"minecraft:damage_dealt_absorbed":2180,"minecraft:sneak_time":17633,"minecraft:walk_under_water_one_cm":45007,"minecraft:interact_with_blast_furnace":1,"minecraft:total_world_time":676251,"tombstone:raider_killed":19,"minecraft:raid_trigger":1,"minecraft:interact_with_grindstone":1,"minecraft:time_since_rest":34750,"minecraft:damage_taken":9125,"minecraft:damage_absorbed":321,"minecraft:swim_one_cm":72805,"minecraft:fly_one_cm":981392,"minecraft:open_chest":275,"minecraft:fall_one_cm":280155},"minecraft:picked_up":{"minecraft:wheat":259,"minecraft:redstone_block":1,"minecraft:anvil":5,"minecraft:enchanted_book":1,"croptopia:calamari":5,"minecraft:stone_brick_stairs":18,"minecraft:amethyst_block":51,"minecraft:polished_deepslate":1,"minecraft:raw_copper":37,"minecraft:string":4,"minecraft:smooth_stone_slab":27,"irons_spellbooks:arcane_essence":6,"minecraft:cobbled_deepslate":1,"minecraft:white_tulip":1,"minecraft:rose_bush":4,"minecraft:calcite":80,"minecraft:smooth_quartz":459,"dynamictrees:oak_seed":167,"minecraft:melon_slice":2,"minecraft:coal_block":1,"irons_spellbooks:inscription_table":1,"minecraft:furnace":4,"minecraft:stick":608,"minecraft:polished_deepslate_stairs":3,"minecraft:oak_fence":2,"minecraft:torch":57,"epicfight:skillbook":1,"tombstone:grave_dust":8,"minecraft:diorite":115,"minecraft:deepslate_tile_stairs":16,"mna:sachet_ender":3,"minecraft:rotten_flesh":33,"minecraft:blue_dye":7,"farmersdelight:rope":9,"minecraft:obsidian":3,"bloodandmadness:blood_stone_shard":2,"minecraft:iron_bars":2,"minecraft:blaze_powder":1,"minecraft:cobblestone":1127,"minecraft:birch_log":53,"minecraft:cooked_beef":1,"minecraft:repeater":3,"minecraft:iron_door":2,"minecraft:andesite":128,"mna:sachet_water":4,"minecraft:chiseled_quartz_block":122,"ars_nouveau:magebloom":1,"minecraft:flint":7,"evilcraft:flesh_humanoid":1,"arclight:arclight_gem":2,"minecraft:gray_concrete":18,"minecraft:dirt":909,"minecraft:lantern":4,"minecraft:bone":8,"croptopia:corn":1,"croptopia:sweetpotato":1,"minecraft:orange_tulip":2,"minecraft:bow":1,"delightful:mini_melon":14,"minecraft:wheat_seeds":531,"minecraft:grindstone":1,"minecraft:glowstone_dust":1,"minecraft:oak_planks":1,"minecraft:sand":125,"minecraft:stripped_spruce_log":24,"minecraft:ink_sac":1,"minecraft:grass_block":1,"minecraft:light_gray_concrete":346,"minecraft:polished_andesite":9,"minecraft:dispenser":1,"minecraft:diamond":1,"minecraft:black_concrete":8,"minecraft:lever":1,"minecraft:granite":42,"minecraft:spruce_sign":10,"minecraft:bread":14,"minecraft:emerald":4,"minecraft:netherrack":51,"minecraft:diamond_pickaxe":1,"minecraft:crafting_table":2,"minecraft:azure_bluet":2,"minecraft:ladder":8,"bloodandmadness:twin_blood_stone_shards":1,"minecraft:leather_leggings":1,"minecraft:redstone_lamp":4,"irons_spellbooks:tarnished_helmet":1,"croptopia:sweetpotato_seed":2,"minecraft:iron_axe":1,"minecraft:item_frame":4,"minecraft:iron_shovel":2,"mna:vinteum_ore":15,"minecraft:birch_fence":1,"bloodandmadness:blood_vial":5,"minecraft:cracked_stone_bricks":1,"minecraft:beef":9,"croptopia:pepper_seed":2,"minecraft:spruce_slab":22,"minecraft:quartz_stairs":8,"minecraft:chest":12,"mna:sachet_fire":1,"minecraft:spruce_trapdoor":10,"minecraft:phantom_membrane":1,"mna:mark_of_the_nether":1,"minecraft:raw_iron":78,"pipez:item_pipe":5,"minecraft:spruce_fence":9,"minecraft:stone_button":2,"minecraft:carrot":1,"minecraft:redstone":6,"bloodandmadness:beastblood_clump":1,"minecraft:stone_pressure_plate":12,"minecraft:arrow":18,"arclight:cryorium_gem":11,"minecraft:deepslate_bricks":131,"minecraft:hay_block":16,"immersive_armors:warrior_chestplate":1,"bloodandmadness:sanguisteel_nugget":3,"minecraft:cracked_deepslate_bricks":14,"croptopia:pepper":1,"minecraft:totem_of_undying":2,"minecraft:gold_ingot":21,"sophisticatedbackpacks:copper_backpack":1,"mna:vinteum_dust":2,"minecraft:glow_berries":1,"minecraft:leather":5,"rlovelyr:dragon_spawn":3,"minecraft:oak_log":408,"minecraft:gunpowder":1,"minecraft:cobblestone_stairs":1,"minecraft:white_banner":7,"tombstone:gift":1,"minecraft:apple":27,"minecraft:stone_bricks":14,"minecraft:kelp":76,"quarry:quarry_block":2,"minecraft:iron_ingot":4,"dynamictrees:birch_seed":20,"minecraft:oak_slab":2,"minecraft:smooth_basalt":63,"minecraft:stone_brick_slab":2,"minecraft:quartz":4,"minecraft:raw_iron_block":2,"minecraft:gravel":38,"minecraft:amethyst_shard":50,"epicfight:uchigatana":2,"minecraft:soul_torch":2,"delightful:salmonberries":2,"minecraft:spruce_log":74,"mna:aum":1,"minecraft:spider_eye":1,"evilcraft:dark_gem":8,"minecraft:diamond_axe":1,"immersive_armors:heavy_boots":1,"tombstone:magic_scroll":1,"minecraft:coal":85},"minecraft:killed":{"minecraft:witch":2,"minecraft:spider":1,"minecraft:skeleton":12,"bloodandmadness:beast_patient":3,"irons_spellbooks:summoned_skeleton":3,"minecraft:creeper":2,"minecraft:pillager":10,"minecraft:zombie":36,"alexsmobs:fly":1,"minecraft:cow":4,"minecraft:evoker":2,"minecraft:vex":4,"bloodandmadness:church_doctor":2,"irons_spellbooks:summoned_zombie":2,"bloodandmadness:cloaked_beast_patient":1,"minecraft:vindicator":3,"rlovelyr:dragon":1,"minecraft:phantom":2,"bloodandmadness:huntsman_axe":5,"mna:barkling":1,"mna:hulking_zombie":1,"mna:living_ward":1,"mna:witch_hunter":1,"minecraft:enderman":1},"minecraft:crafted":{"pipez:wrench":1,"minecraft:oak_planks":884,"minecraft:melon_slice":42,"minecraft:cooked_chicken":1,"pipez:item_pipe":16,"minecraft:diamond_shovel":1,"minecraft:cooked_mutton":4,"minecraft:glass":46,"minecraft:hopper":3,"minecraft:birch_fence_gate":1,"minecraft:chest":19,"minecraft:dropper":2,"minecraft:emerald":9,"minecraft:diamond_axe":2,"minecraft:crafting_table":4,"minecraft:spruce_planks":300,"minecraft:wooden_pickaxe":1,"minecraft:birch_planks":124,"rechiseled:chisel":1,"farmersdelight:cutting_board":1,"onlyhammers:obsidian_hammer":1,"minecraft:diamond_pickaxe":1,"minecraft:emerald_block":1,"constructionwand:stone_wand":1,"minecraft:birch_fence":66,"sophisticatedbackpacks:diamond_backpack":2,"minecraft:stick":52,"minecraft:iron_ingot":19,"minecraft:stone_sword":1,"minecraft:gold_ingot":9,"minecraft:redstone_torch":2,"minecraft:netherite_ingot":3,"minecraft:observer":1,"minecraft:wheat":144,"sophisticatedbackpacks:iron_backpack":1,"sophisticatedbackpacks:gold_backpack":1,"minecraft:stone_axe":1,"quarry:area_card":1,"minecraft:bread":118,"mna:fall_charm":1,"quarry:quarry_block":1,"minecraft:golden_apple":21,"mna:wand_iron":1},"minecraft:used":{"minecraft:iron_shovel":199,"minecraft:ladder":6,"minecraft:chest":28,"sophisticatedbackpacks:diamond_backpack":2,"farmersdelight:cutting_board":1,"pipez:item_pipe":11,"minecraft:furnace":4,"epicfight:skillbook":10,"minecraft:stone_pickaxe":49,"minecraft:wooden_pickaxe":20,"minecraft:diamond_axe":460,"minecraft:golden_apple":8,"minecraft:birch_fence":59,"minecraft:bread":115,"minecraft:melon_slice":25,"minecraft:smooth_stone_slab":2,"minecraft:oak_fence":1,"minecraft:stone_sword":16,"onlyhammers:obsidian_hammer":2292,"minecraft:cooked_chicken":1,"minecraft:torch":48,"minecraft:dirt":122,"minecraft:hopper":1,"farmersdelight:rope":10,"minecraft:stone_brick_slab":1,"tombstone:gift":6,"minecraft:cooked_beef":1,"minecraft:wheat_seeds":52,"minecraft:cooked_mutton":4,"rlovelyr:dragon_spawn":2,"minecraft:oak_slab":2,"minecraft:crafting_table":6,"quarry:quarry_block":3,"minecraft:diamond_pickaxe":982,"quarry:area_card":4,"minecraft:iron_pickaxe":50,"minecraft:stone_axe":64,"minecraft:cobblestone":48,"minecraft:potion":3,"minecraft:cooked_porkchop":6,"alexsmobs:animal_dictionary":1,"epicfight:uchigatana":336},"minecraft:killed_by":{"minecraft:player":1},"minecraft:mined":{"minecraft:large_amethyst_bud":2,"minecraft:spruce_planks":2,"minecraft:obsidian":1,"minecraft:spruce_trapdoor":11,"minecraft:potted_dead_bush":1,"minecraft:granite":44,"minecraft:budding_amethyst":13,"minecraft:grass_block":46,"minecraft:coal_block":1,"minecraft:deepslate_bricks":130,"minecraft:deepslate_tile_stairs":5,"minecraft:tall_seagrass":6,"minecraft:raw_iron_block":2,"minecraft:magma_block":4,"minecraft:iron_ore":58,"minecraft:anvil":1,"minecraft:azure_bluet":1,"minecraft:dark_oak_stairs":1,"minecraft:iron_bars":2,"minecraft:light_gray_concrete":395,"minecraft:spruce_slab":17,"minecraft:kelp_plant":22,"minecraft:polished_deepslate_stairs":3,"minecraft:medium_amethyst_bud":4,"minecraft:amethyst_cluster":10,"minecraft:chiseled_quartz_block":115,"minecraft:torch":23,"minecraft:calcite":97,"minecraft:chest":11,"minecraft:cobblestone":3,"minecraft:grindstone":1,"minecraft:oak_planks":1,"minecraft:iron_door":2,"minecraft:wall_torch":19,"minecraft:amethyst_block":51,"minecraft:seagrass":11,"minecraft:light_gray_stained_glass":4,"minecraft:wheat":56,"minecraft:stone_brick_stairs":39,"minecraft:smooth_stone_slab":84,"minecraft:grass":48,"minecraft:oak_log":31,"delightful:mini_melon":14,"minecraft:dirt":54,"minecraft:sand":125,"minecraft:smooth_quartz":522,"minecraft:smooth_basalt":102,"minecraft:dispenser":1,"minecraft:stonecutter":1,"minecraft:netherrack":55,"minecraft:oak_leaves":1,"minecraft:deepslate":1,"minecraft:redstone_lamp":4,"arclight:cryorium_ore":11,"minecraft:quartz_stairs":5,"dynamictrees:birch_branch":87,"minecraft:ladder":1,"minecraft:spruce_fence":9,"arclight:arclight_ore":2,"minecraft:redstone_wire":1,"mna:vinteum_ore":13,"minecraft:kelp":4,"minecraft:hay_block":16,"minecraft:furnace":4,"minecraft:andesite":129,"minecraft:stripped_spruce_log":24,"minecraft:black_concrete":8,"evilcraft:dark_ore":2,"minecraft:polished_deepslate":9,"dynamictrees:oak_branch":51,"farmersdelight:rope":9,"minecraft:lantern":1,"irons_spellbooks:inscription_table":1,"minecraft:stone":870,"minecraft:white_tulip":1,"minecraft:oak_slab":2,"minecraft:redstone_block":1,"minecraft:gray_concrete":17,"minecraft:glass_pane":12,"minecraft:stone_brick_slab":1,"pipez:item_pipe":5,"minecraft:dandelion":2,"minecraft:oak_fence":1,"minecraft:crafting_table":2,"minecraft:tall_grass":7,"minecraft:copper_ore":8,"delightful:wild_salmonberries":2,"minecraft:cracked_deepslate_bricks":16,"minecraft:diorite":108,"minecraft:air":87,"minecraft:gray_wool":4,"minecraft:spruce_log":55,"minecraft:coal_ore":83,"minecraft:gravel":44,"minecraft:cracked_stone_bricks":1,"minecraft:polished_andesite":26,"minecraft:stone_bricks":8,"minecraft:birch_fence":1},"minecraft:broken":{"minecraft:diamond_helmet":1,"minecraft:leather_leggings":1,"minecraft:diamond_boots":1,"minecraft:stone_axe":1,"minecraft:diamond_chestplate":1,"minecraft:diamond_leggings":1,"immersive_armors:heavy_boots":1},"minecraft:dropped":{"minecraft:diamond_axe":1,"minecraft:diamond":16,"minecraft:emerald":16,"minecraft:dirt":194,"minecraft:wheat":57,"minecraft:iron_ingot":9,"minecraft:bread":5,"minecraft:wheat_seeds":1,"minecraft:oak_fence":1,"minecraft:cobblestone":70,"croptopia:sweetpotato":1,"minecraft:stick":12,"minecraft:melon_slice":2,"epicfight:uchigatana":2,"bloodandmadness:sanguisteel_nugget":1,"minecraft:stone_pressure_plate":12}},"DataVersion":3120}