{"stats":{"minecraft:custom":{"minecraft:interact_with_crafting_table":48,"minecraft:open_barrel":26,"minecraft:bell_ring":48,"minecraft:leave_game":21,"minecraft:time_since_death":273308,"minecraft:sprint_one_cm":888609,"minecraft:drop":47,"minecraft:talked_to_villager":5,"minecraft:play_time":913861,"minecraft:deaths":2,"minecraft:jump":5195,"minecraft:walk_on_water_one_cm":108415,"minecraft:interact_with_furnace":44,"minecraft:traded_with_villager":1,"minecraft:sleep_in_bed":13,"minecraft:waystone_activated":2,"minecraft:damage_dealt":31419,"minecraft:crouch_one_cm":81797,"tombstone:undead_killed":72,"minecraft:interact_with_smoker":1,"minecraft:horse_one_cm":38154,"minecraft:interact_with_smithing_table":2,"minecraft:mob_kills":135,"minecraft:inspect_hopper":9,"minecraft:climb_one_cm":122609,"minecraft:walk_one_cm":3161609,"minecraft:damage_dealt_absorbed":3185,"minecraft:sneak_time":31975,"minecraft:walk_under_water_one_cm":69186,"minecraft:interact_with_blast_furnace":1,"minecraft:total_world_time":913861,"tombstone:raider_killed":21,"minecraft:raid_trigger":1,"minecraft:interact_with_grindstone":1,"minecraft:time_since_rest":117079,"minecraft:damage_taken":10529,"minecraft:damage_absorbed":321,"minecraft:swim_one_cm":76012,"minecraft:fly_one_cm":1389887,"minecraft:open_chest":351,"minecraft:fall_one_cm":438162},"minecraft:picked_up":{"irons_spellbooks:scroll":1,"minecraft:wheat":259,"minecraft:redstone_block":1,"minecraft:anvil":5,"minecraft:enchanted_book":1,"croptopia:calamari":5,"minecraft:stone_brick_stairs":18,"rechiseled:spruce_planks_diagonal_stripes_connecting":4,"minecraft:amethyst_block":51,"minecraft:polished_deepslate":1,"minecraft:string":5,"minecraft:raw_copper":37,"minecraft:smooth_stone_slab":27,"mna:mark_of_the_fey":1,"irons_spellbooks:arcane_essence":10,"minecraft:cobbled_deepslate":2,"minecraft:white_tulip":1,"minecraft:rose_bush":4,"minecraft:calcite":80,"minecraft:smooth_quartz":460,"dynamictrees:oak_seed":167,"minecraft:coal_block":1,"minecraft:melon_slice":2,"irons_spellbooks:inscription_table":1,"minecraft:furnace":4,"minecraft:stick":608,"minecraft:polished_deepslate_stairs":3,"minecraft:oak_fence":2,"minecraft:torch":71,"epicfight:skillbook":2,"tombstone:grave_dust":10,"minecraft:diorite":115,"minecraft:deepslate_tile_stairs":16,"mna:sachet_ender":3,"pipez:wrench":1,"minecraft:rotten_flesh":38,"minecraft:blue_dye":7,"farmersdelight:rope":9,"minecraft:obsidian":3,"bloodandmadness:blood_stone_shard":6,"minecraft:iron_bars":2,"minecraft:blaze_powder":1,"minecraft:cobblestone":1142,"minecraft:birch_log":70,"minecraft:cooked_beef":1,"minecraft:repeater":3,"minecraft:iron_door":2,"minecraft:andesite":128,"mna:sachet_water":4,"minecraft:chiseled_quartz_block":122,"ars_nouveau:magebloom":1,"minecraft:flint":7,"evilcraft:flesh_humanoid":1,"arclight:arclight_gem":2,"minecraft:gray_concrete":18,"minecraft:dirt":949,"minecraft:lantern":4,"minecraft:bone":11,"croptopia:corn":1,"croptopia:sweetpotato":1,"minecraft:orange_tulip":2,"minecraft:bow":2,"delightful:mini_melon":28,"minecraft:wheat_seeds":532,"minecraft:grindstone":1,"minecraft:glowstone_dust":1,"mna:cerublossom":8,"minecraft:oak_planks":1,"minecraft:sand":421,"minecraft:stripped_spruce_log":24,"minecraft:ink_sac":1,"minecraft:grass_block":2,"minecraft:light_gray_concrete":359,"minecraft:polished_andesite":9,"minecraft:dispenser":1,"minecraft:diamond":1,"minecraft:black_concrete":8,"minecraft:lever":1,"minecraft:granite":42,"minecraft:emerald":4,"minecraft:spruce_sign":10,"minecraft:bread":14,"minecraft:netherrack":51,"minecraft:diamond_pickaxe":1,"minecraft:crafting_table":2,"minecraft:azure_bluet":2,"minecraft:ladder":8,"bloodandmadness:twin_blood_stone_shards":1,"minecraft:leather_leggings":1,"minecraft:redstone_lamp":4,"irons_spellbooks:tarnished_helmet":1,"croptopia:sweetpotato_seed":2,"minecraft:iron_axe":1,"evilcraft:poison_sac":1,"minecraft:item_frame":4,"minecraft:iron_shovel":2,"minecraft:birch_fence":1,"mna:vinteum_ore":15,"bloodandmadness:blood_vial":9,"minecraft:cracked_stone_bricks":1,"minecraft:beef":9,"croptopia:pepper_seed":2,"minecraft:spruce_slab":22,"minecraft:chest":15,"minecraft:quartz_stairs":9,"mna:sachet_fire":1,"minecraft:spruce_trapdoor":10,"minecraft:phantom_membrane":1,"mna:mark_of_the_nether":1,"minecraft:raw_iron":78,"minecraft:sandstone":96,"pipez:item_pipe":6,"minecraft:spruce_fence":9,"minecraft:stone_button":2,"minecraft:carrot":1,"minecraft:redstone":6,"bloodandmadness:beastblood_clump":1,"minecraft:stone_pressure_plate":12,"minecraft:arrow":25,"arclight:cryorium_gem":11,"minecraft:deepslate_bricks":131,"minecraft:hay_block":16,"immersive_armors:warrior_chestplate":1,"bloodandmadness:sanguisteel_nugget":3,"minecraft:cracked_deepslate_bricks":14,"croptopia:pepper":1,"minecraft:totem_of_undying":2,"minecraft:gold_ingot":21,"sophisticatedbackpacks:copper_backpack":1,"mna:vinteum_dust":2,"minecraft:glow_berries":1,"minecraft:white_wool":10,"minecraft:oxeye_daisy":2,"minecraft:leather":5,"rlovelyr:dragon_spawn":3,"minecraft:oak_log":472,"minecraft:gunpowder":3,"minecraft:cobblestone_stairs":1,"minecraft:white_banner":8,"tombstone:gift":1,"minecraft:apple":27,"minecraft:stone_bricks":14,"minecraft:kelp":76,"quarry:quarry_block":3,"minecraft:iron_ingot":4,"dynamictrees:birch_seed":20,"artifacts:kitty_slippers":1,"minecraft:oak_slab":2,"minecraft:smooth_basalt":63,"minecraft:stone_brick_slab":2,"minecraft:quartz":4,"minecraft:dandelion":2,"minecraft:raw_iron_block":2,"minecraft:gravel":38,"minecraft:amethyst_shard":50,"epicfight:uchigatana":2,"minecraft:soul_torch":2,"delightful:salmonberries":2,"minecraft:spruce_log":378,"mna:aum":1,"minecraft:spider_eye":2,"evilcraft:dark_gem":8,"minecraft:diamond_axe":1,"immersive_armors:heavy_boots":1,"tombstone:magic_scroll":1,"minecraft:coal":85,"minecraft:hopper":2},"minecraft:killed":{"minecraft:witch":2,"minecraft:spider":1,"minecraft:skeleton":16,"bloodandmadness:beast_patient":3,"irons_spellbooks:summoned_skeleton":5,"irons_spellbooks:necromancer":1,"minecraft:creeper":7,"minecraft:pillager":12,"minecraft:zombie":41,"alexsmobs:fly":1,"minecraft:cow":4,"mca:female_zombie_villager":1,"minecraft:vex":4,"minecraft:evoker":2,"bloodandmadness:church_doctor":2,"irons_spellbooks:summoned_zombie":5,"bloodandmadness:cloaked_beast_patient":3,"minecraft:vindicator":3,"rlovelyr:dragon":1,"minecraft:phantom":2,"bloodandmadness:huntsman_axe":5,"mna:barkling":1,"mna:hulking_zombie":1,"mna:living_ward":1,"mna:witch_hunter":1,"minecraft:enderman":1},"minecraft:crafted":{"minecraft:black_dye":2,"pipez:wrench":1,"minecraft:oak_planks":1140,"minecraft:melon_slice":84,"minecraft:cooked_chicken":1,"pipez:item_pipe":16,"minecraft:diamond_shovel":1,"minecraft:cooked_mutton":4,"minecraft:glass":142,"minecraft:hopper":3,"minecraft:birch_fence_gate":1,"minecraft:chest":24,"minecraft:dropper":2,"minecraft:emerald":9,"minecraft:diamond_axe":2,"minecraft:crafting_table":4,"minecraft:spruce_planks":304,"minecraft:wooden_pickaxe":1,"minecraft:birch_planks":164,"rechiseled:chisel":1,"farmersdelight:cutting_board":1,"onlyhammers:obsidian_hammer":1,"minecraft:diamond_pickaxe":1,"minecraft:emerald_block":1,"constructionwand:stone_wand":1,"minecraft:birch_fence":66,"sophisticatedbackpacks:diamond_backpack":2,"minecraft:stick":52,"minecraft:iron_ingot":19,"minecraft:stone_sword":1,"minecraft:gold_ingot":9,"minecraft:redstone_torch":2,"minecraft:netherite_ingot":3,"minecraft:observer":1,"minecraft:wheat":144,"sophisticatedbackpacks:iron_backpack":1,"sophisticatedbackpacks:gold_backpack":1,"minecraft:stone_axe":1,"quarry:area_card":1,"minecraft:bread":118,"minecraft:air":0,"mna:fall_charm":1,"quarry:quarry_block":1,"minecraft:golden_apple":21,"onlyhammersandexcavators:stone_excavator":1,"mna:wand_iron":1},"minecraft:used":{"minecraft:iron_shovel":221,"minecraft:ladder":6,"minecraft:chest":34,"minecraft:quartz_stairs":4,"sophisticatedbackpacks:diamond_backpack":2,"farmersdelight:cutting_board":1,"pipez:item_pipe":12,"minecraft:furnace":4,"epicfight:skillbook":10,"minecraft:stone_pickaxe":59,"minecraft:wooden_pickaxe":20,"minecraft:sandstone":96,"minecraft:diamond_axe":795,"minecraft:golden_apple":8,"minecraft:sand":57,"onlyhammersandexcavators:stone_excavator":352,"minecraft:birch_fence":59,"minecraft:light_gray_concrete":55,"minecraft:melon_slice":25,"minecraft:bread":158,"minecraft:smooth_stone_slab":3,"minecraft:oak_fence":1,"minecraft:stone_sword":16,"onlyhammers:obsidian_hammer":2410,"minecraft:cooked_chicken":1,"minecraft:torch":68,"minecraft:dirt":567,"minecraft:hopper":2,"farmersdelight:rope":10,"minecraft:stone_brick_slab":1,"minecraft:smooth_quartz":59,"tombstone:gift":6,"minecraft:cooked_beef":1,"minecraft:wheat_seeds":52,"minecraft:cooked_mutton":4,"rlovelyr:dragon_spawn":2,"rechiseled:spruce_planks_diagonal_stripes_connecting":6,"minecraft:oak_slab":2,"minecraft:crafting_table":6,"quarry:quarry_block":4,"minecraft:diamond_pickaxe":982,"quarry:area_card":6,"minecraft:iron_pickaxe":67,"minecraft:stone_axe":64,"minecraft:cobblestone":57,"minecraft:potion":3,"minecraft:cooked_porkchop":6,"alexsmobs:animal_dictionary":1,"epicfight:uchigatana":419},"minecraft:killed_by":{"minecraft:player":1},"minecraft:mined":{"minecraft:large_amethyst_bud":2,"minecraft:spruce_planks":2,"minecraft:obsidian":1,"minecraft:spruce_trapdoor":11,"minecraft:potted_dead_bush":1,"minecraft:granite":44,"minecraft:budding_amethyst":13,"minecraft:grass_block":71,"minecraft:deepslate_bricks":130,"minecraft:coal_block":1,"minecraft:deepslate_tile_stairs":5,"minecraft:oxeye_daisy":2,"minecraft:tall_seagrass":6,"minecraft:magma_block":4,"minecraft:raw_iron_block":2,"minecraft:iron_ore":58,"minecraft:anvil":1,"minecraft:azure_bluet":1,"minecraft:dark_oak_stairs":1,"minecraft:iron_bars":2,"minecraft:light_gray_concrete":408,"minecraft:spruce_slab":17,"rechiseled:spruce_planks_diagonal_stripes_connecting":4,"minecraft:kelp_plant":22,"minecraft:polished_deepslate_stairs":3,"minecraft:medium_amethyst_bud":4,"minecraft:amethyst_cluster":10,"minecraft:chiseled_quartz_block":115,"minecraft:torch":33,"minecraft:calcite":97,"mna:cerublossom":8,"minecraft:chest":14,"minecraft:cobblestone":3,"minecraft:grindstone":1,"minecraft:oak_planks":1,"minecraft:iron_door":2,"minecraft:wall_torch":25,"minecraft:amethyst_block":51,"minecraft:seagrass":11,"minecraft:light_gray_stained_glass":4,"minecraft:wheat":56,"minecraft:stone_brick_stairs":39,"minecraft:smooth_stone_slab":84,"minecraft:grass":89,"minecraft:oak_log":31,"delightful:mini_melon":28,"minecraft:smooth_quartz":523,"minecraft:sand":422,"minecraft:dirt":61,"minecraft:smooth_basalt":102,"minecraft:stonecutter":1,"minecraft:dispenser":1,"minecraft:netherrack":55,"minecraft:oak_leaves":1,"minecraft:deepslate":2,"minecraft:redstone_lamp":4,"arclight:cryorium_ore":11,"minecraft:quartz_stairs":6,"dynamictrees:birch_branch":87,"minecraft:ladder":1,"minecraft:spruce_fence":9,"arclight:arclight_ore":2,"minecraft:redstone_wire":1,"mna:vinteum_ore":13,"minecraft:kelp":4,"minecraft:sandstone":98,"minecraft:hay_block":16,"minecraft:furnace":4,"minecraft:andesite":129,"minecraft:stripped_spruce_log":24,"minecraft:black_concrete":8,"evilcraft:dark_ore":2,"minecraft:polished_deepslate":9,"dynamictrees:oak_branch":51,"farmersdelight:rope":9,"minecraft:lantern":1,"irons_spellbooks:inscription_table":1,"minecraft:stone":885,"minecraft:white_tulip":1,"minecraft:oak_slab":2,"minecraft:redstone_block":1,"minecraft:gray_concrete":17,"minecraft:glass_pane":12,"minecraft:stone_brick_slab":1,"pipez:item_pipe":6,"minecraft:dandelion":5,"minecraft:oak_fence":1,"minecraft:crafting_table":2,"minecraft:tall_grass":20,"minecraft:copper_ore":8,"delightful:wild_salmonberries":2,"minecraft:cracked_deepslate_bricks":16,"minecraft:diorite":108,"minecraft:air":87,"minecraft:gray_wool":4,"minecraft:spruce_log":362,"minecraft:coal_ore":83,"minecraft:gravel":44,"minecraft:cracked_stone_bricks":1,"minecraft:stone_bricks":8,"minecraft:polished_andesite":26,"minecraft:birch_fence":1},"minecraft:broken":{"minecraft:diamond_helmet":1,"minecraft:leather_leggings":1,"minecraft:diamond_boots":1,"minecraft:stone_axe":1,"minecraft:diamond_chestplate":1,"minecraft:diamond_leggings":1,"immersive_armors:heavy_boots":1},"minecraft:dropped":{"minecraft:diamond_axe":2,"minecraft:diamond":16,"minecraft:emerald":16,"minecraft:dirt":194,"minecraft:birch_log":7,"dynamictrees:oak_seed":3,"minecraft:wheat":57,"quarry:quarry_block":1,"minecraft:chest":2,"minecraft:iron_ingot":20,"minecraft:bread":17,"minecraft:wheat_seeds":1,"minecraft:oak_fence":1,"minecraft:cobblestone":70,"croptopia:sweetpotato":1,"minecraft:grass_block":1,"minecraft:stick":12,"minecraft:melon_slice":2,"minecraft:string":1,"artifacts:bunny_hoppers":1,"quarry:area_card":1,"epicfight:uchigatana":2,"pipez:item_pipe":1,"bloodandmadness:sanguisteel_nugget":1,"minecraft:stone_pressure_plate":12,"minecraft:spruce_log":1,"pipez:wrench":1}},"DataVersion":3120}