{"stats":{"minecraft:custom":{"minecraft:interact_with_crafting_table":76,"minecraft:open_barrel":27,"minecraft:bell_ring":48,"minecraft:leave_game":24,"minecraft:time_since_death":35773,"minecraft:sprint_one_cm":1018500,"minecraft:drop":61,"minecraft:talked_to_villager":5,"minecraft:play_time":1119532,"minecraft:deaths":3,"minecraft:jump":6043,"minecraft:walk_on_water_one_cm":118511,"minecraft:interact_with_furnace":52,"minecraft:traded_with_villager":1,"minecraft:sleep_in_bed":16,"minecraft:waystone_activated":2,"minecraft:damage_dealt":37134,"minecraft:player_kills":2,"minecraft:crouch_one_cm":91573,"tombstone:undead_killed":86,"minecraft:interact_with_smoker":1,"minecraft:horse_one_cm":38154,"minecraft:interact_with_smithing_table":2,"minecraft:interact_with_anvil":3,"minecraft:mob_kills":160,"minecraft:inspect_hopper":10,"minecraft:climb_one_cm":157765,"minecraft:walk_one_cm":3802415,"minecraft:damage_dealt_absorbed":4022,"minecraft:sneak_time":35752,"minecraft:walk_under_water_one_cm":69922,"minecraft:interact_with_blast_furnace":1,"minecraft:total_world_time":1119532,"tombstone:raider_killed":24,"minecraft:tune_noteblock":7,"minecraft:raid_trigger":1,"minecraft:interact_with_grindstone":1,"minecraft:time_since_rest":34614,"minecraft:damage_absorbed":321,"minecraft:damage_taken":13117,"minecraft:swim_one_cm":77402,"minecraft:fly_one_cm":1677264,"minecraft:open_chest":465,"minecraft:fall_one_cm":515182},"minecraft:picked_up":{"irons_spellbooks:scroll":2,"minecraft:wheat":259,"minecraft:black_carpet":21,"minecraft:redstone_block":1,"minecraft:anvil":5,"minecraft:enchanted_book":1,"croptopia:calamari":5,"minecraft:stone_brick_stairs":18,"rechiseled:spruce_planks_diagonal_stripes_connecting":4,"minecraft:amethyst_block":57,"minecraft:polished_deepslate":1,"minecraft:string":14,"minecraft:raw_copper":37,"minecraft:smooth_stone_slab":28,"mna:mark_of_the_fey":1,"irons_spellbooks:arcane_essence":17,"minecraft:cobbled_deepslate":2,"comforts:sleeping_bag_white":3,"minecraft:white_tulip":1,"minecraft:rose_bush":4,"minecraft:calcite":81,"minecraft:smooth_quartz":460,"dynamictrees:oak_seed":167,"minecraft:melon_slice":2,"minecraft:coal_block":1,"irons_spellbooks:inscription_table":1,"minecraft:furnace":4,"minecraft:stick":614,"minecraft:polished_deepslate_stairs":3,"minecraft:oak_fence":2,"minecraft:torch":89,"epicfight:skillbook":2,"tombstone:grave_dust":11,"minecraft:diorite":115,"minecraft:deepslate_tile_stairs":16,"mna:sachet_ender":3,"minecraft:golden_chestplate":1,"pipez:wrench":1,"minecraft:rotten_flesh":46,"minecraft:blue_dye":7,"farmersdelight:rope":9,"minecraft:green_wool":16,"minecraft:obsidian":3,"bloodandmadness:blood_stone_shard":7,"minecraft:iron_bars":2,"minecraft:blaze_powder":1,"minecraft:cobblestone":1157,"minecraft:birch_log":70,"minecraft:cooked_beef":1,"minecraft:repeater":3,"minecraft:iron_door":2,"minecraft:andesite":128,"mna:sachet_water":4,"minecraft:chiseled_quartz_block":122,"ars_nouveau:magebloom":1,"minecraft:flint":7,"evilcraft:flesh_humanoid":1,"arclight:arclight_gem":2,"minecraft:gray_concrete":18,"minecraft:dirt":950,"minecraft:lantern":4,"minecraft:bone":11,"croptopia:corn":1,"croptopia:sweetpotato":1,"minecraft:orange_tulip":2,"minecraft:bow":2,"delightful:mini_melon":33,"minecraft:wheat_seeds":532,"minecraft:grindstone":1,"minecraft:glowstone_dust":1,"mna:cerublossom":8,"minecraft:oak_planks":2,"minecraft:sand":628,"minecraft:stripped_spruce_log":24,"minecraft:ink_sac":1,"minecraft:grass_block":2,"minecraft:light_gray_concrete":397,"minecraft:polished_andesite":11,"minecraft:dispenser":1,"minecraft:spruce_boat":1,"minecraft:diamond":1,"minecraft:black_concrete":8,"minecraft:lever":1,"minecraft:granite":42,"minecraft:emerald":4,"minecraft:spruce_sign":10,"minecraft:bread":14,"minecraft:netherrack":51,"minecraft:diamond_pickaxe":1,"minecraft:crafting_table":2,"minecraft:azure_bluet":2,"bloodandmadness:twin_blood_stone_shards":1,"minecraft:ladder":69,"minecraft:leather_leggings":1,"minecraft:redstone_lamp":4,"irons_spellbooks:tarnished_helmet":1,"croptopia:sweetpotato_seed":2,"minecraft:iron_axe":1,"minecraft:wooden_sword":2,"evilcraft:poison_sac":1,"minecraft:item_frame":4,"minecraft:iron_shovel":2,"minecraft:birch_fence":1,"mna:vinteum_ore":15,"bloodandmadness:blood_vial":14,"minecraft:cracked_stone_bricks":1,"minecraft:beef":9,"croptopia:pepper_seed":2,"minecraft:spruce_slab":23,"minecraft:quartz_stairs":9,"minecraft:chest":18,"mna:sachet_fire":1,"minecraft:spruce_trapdoor":14,"minecraft:phantom_membrane":4,"mna:mark_of_the_nether":1,"minecraft:raw_iron":266,"minecraft:sandstone":96,"pipez:item_pipe":8,"minecraft:spruce_fence":9,"minecraft:stone_button":2,"minecraft:carrot":1,"minecraft:redstone":6,"bloodandmadness:beastblood_clump":1,"minecraft:stone_pressure_plate":12,"minecraft:arrow":29,"arclight:cryorium_gem":11,"minecraft:deepslate_bricks":131,"minecraft:hay_block":16,"bloodandmadness:sanguisteel_nugget":5,"minecraft:cracked_deepslate_bricks":14,"immersive_armors:warrior_chestplate":1,"croptopia:pepper":1,"minecraft:totem_of_undying":2,"minecraft:gold_ingot":21,"sophisticatedbackpacks:copper_backpack":1,"mna:vinteum_dust":2,"minecraft:glow_berries":1,"minecraft:white_wool":30,"minecraft:oxeye_daisy":2,"minecraft:air":0,"minecraft:leather":5,"rlovelyr:dragon_spawn":3,"minecraft:oak_log":472,"minecraft:gunpowder":69,"minecraft:cobblestone_stairs":1,"minecraft:white_banner":8,"tombstone:gift":1,"minecraft:red_carpet":4,"minecraft:apple":27,"minecraft:stone_bricks":14,"minecraft:kelp":76,"quarry:quarry_block":3,"minecraft:iron_ingot":117,"dynamictrees:birch_seed":20,"artifacts:kitty_slippers":1,"minecraft:oak_slab":2,"minecraft:smooth_basalt":63,"minecraft:emerald_block":2,"minecraft:stone_brick_slab":2,"minecraft:red_wool":16,"minecraft:quartz":4,"minecraft:dandelion":2,"minecraft:raw_iron_block":6,"minecraft:gravel":38,"minecraft:amethyst_shard":57,"epicfight:uchigatana":3,"minecraft:soul_torch":2,"delightful:salmonberries":2,"minecraft:spruce_log":378,"mna:aum":1,"minecraft:spider_eye":3,"travelersbackpack:standard":1,"evilcraft:dark_gem":8,"minecraft:diamond_axe":1,"minecraft:gray_wool":1,"immersive_armors:heavy_boots":1,"minecraft:baked_potato":40,"tombstone:magic_scroll":1,"minecraft:black_wool":33,"minecraft:coal":85,"minecraft:hopper":2},"minecraft:killed":{"minecraft:witch":2,"minecraft:spider":3,"minecraft:skeleton":18,"bloodandmadness:beast_patient":6,"irons_spellbooks:summoned_skeleton":5,"irons_spellbooks:necromancer":1,"minecraft:creeper":7,"minecraft:pillager":12,"minecraft:zombie":47,"alexsmobs:fly":1,"minecraft:cow":4,"mca:female_zombie_villager":1,"minecraft:vex":4,"minecraft:evoker":2,"bloodandmadness:church_doctor":4,"irons_spellbooks:summoned_zombie":8,"bloodandmadness:cloaked_beast_patient":4,"minecraft:vindicator":3,"rlovelyr:dragon":1,"minecraft:phantom":5,"bloodandmadness:huntsman_axe":7,"mna:barkling":2,"mna:hulking_zombie":1,"mna:living_ward":1,"mna:witch_hunter":1,"minecraft:enderman":1},"minecraft:crafted":{"minecraft:black_dye":2,"pipez:wrench":1,"minecraft:oak_planks":1284,"minecraft:barrel":8,"hpm:largehull":6,"minecraft:melon_slice":84,"minecraft:cooked_chicken":1,"hpm:small_mast":12,"pipez:item_pipe":16,"minecraft:stone":10,"minecraft:diamond_shovel":1,"minecraft:cooked_mutton":4,"minecraft:glass":142,"minecraft:hopper":3,"minecraft:birch_fence_gate":1,"minecraft:chest":24,"hpm:cutteritem":2,"minecraft:dropper":2,"minecraft:oak_slab":18,"minecraft:emerald":9,"minecraft:diamond_axe":2,"minecraft:crafting_table":4,"minecraft:spruce_planks":304,"minecraft:wooden_pickaxe":1,"minecraft:birch_planks":164,"rechiseled:chisel":1,"farmersdelight:cutting_board":1,"minecraft:tnt":5,"onlyhammers:obsidian_hammer":1,"hpm:cannonball":16,"minecraft:diamond_pickaxe":1,"minecraft:emerald_block":1,"constructionwand:stone_wand":1,"minecraft:birch_fence":66,"sophisticatedbackpacks:diamond_backpack":2,"minecraft:stick":52,"minecraft:iron_ingot":19,"minecraft:iron_block":6,"minecraft:stone_sword":1,"minecraft:gold_ingot":9,"minecraft:redstone_torch":2,"minecraft:netherite_ingot":3,"minecraft:shears":1,"minecraft:cobbled_deepslate_slab":24,"comforts:sleeping_bag_white":1,"minecraft:observer":1,"minecraft:wheat":144,"sophisticatedbackpacks:iron_backpack":1,"hpm:largemast":8,"hpm:smallhull":7,"sophisticatedbackpacks:gold_backpack":1,"minecraft:stone_axe":1,"quarry:area_card":1,"minecraft:bread":118,"minecraft:air":0,"mna:fall_charm":1,"quarry:quarry_block":1,"minecraft:white_wool":4,"minecraft:golden_apple":21,"onlyhammersandexcavators:stone_excavator":1,"hpm:cuttermilitariseditem":2,"hpm:hand_cannon":4,"mna:wand_iron":1},"minecraft:used":{"minecraft:iron_shovel":221,"minecraft:ladder":6,"minecraft:chest":41,"minecraft:quartz_stairs":4,"sophisticatedbackpacks:diamond_backpack":2,"farmersdelight:cutting_board":1,"pipez:item_pipe":15,"minecraft:furnace":4,"epicfight:skillbook":11,"minecraft:stone_pickaxe":59,"minecraft:oak_planks":1,"minecraft:wooden_pickaxe":20,"minecraft:sandstone":96,"minecraft:diamond_axe":951,"minecraft:golden_apple":8,"minecraft:sand":57,"onlyhammersandexcavators:stone_excavator":457,"minecraft:birch_fence":59,"minecraft:black_concrete":25,"minecraft:light_gray_concrete":55,"minecraft:melon_slice":84,"minecraft:bread":164,"minecraft:smooth_stone_slab":3,"minecraft:oak_fence":1,"minecraft:stone_sword":16,"onlyhammers:obsidian_hammer":2410,"minecraft:cooked_chicken":1,"minecraft:torch":86,"minecraft:dirt":567,"minecraft:hopper":2,"farmersdelight:rope":10,"minecraft:stone_brick_slab":1,"minecraft:smooth_quartz":59,"comforts:sleeping_bag_white":2,"tombstone:gift":6,"minecraft:cooked_beef":1,"minecraft:wheat_seeds":52,"minecraft:cooked_mutton":4,"rlovelyr:dragon_spawn":2,"minecraft:baked_potato":5,"rechiseled:spruce_planks_diagonal_stripes_connecting":6,"minecraft:oak_slab":2,"minecraft:crafting_table":6,"quarry:quarry_block":4,"minecraft:diamond_pickaxe":982,"quarry:area_card":6,"minecraft:iron_pickaxe":88,"minecraft:stone_axe":64,"minecraft:cobblestone":68,"minecraft:potion":3,"travelersbackpack:standard":14,"minecraft:cooked_porkchop":6,"alexsmobs:animal_dictionary":1,"epicfight:uchigatana":487},"minecraft:killed_by":{"minecraft:player":1,"irons_spellbooks:necromancer":1},"minecraft:mined":{"minecraft:large_amethyst_bud":2,"minecraft:spruce_planks":2,"minecraft:obsidian":1,"minecraft:spruce_trapdoor":15,"minecraft:potted_dead_bush":1,"minecraft:granite":44,"minecraft:budding_amethyst":13,"minecraft:grass_block":73,"minecraft:coal_block":1,"minecraft:deepslate_bricks":130,"minecraft:deepslate_tile_stairs":5,"minecraft:oxeye_daisy":2,"minecraft:spawner":2,"minecraft:tall_seagrass":6,"minecraft:raw_iron_block":2,"minecraft:magma_block":4,"minecraft:iron_ore":58,"minecraft:black_carpet":8,"minecraft:anvil":1,"minecraft:azure_bluet":1,"minecraft:dark_oak_stairs":1,"minecraft:iron_bars":2,"minecraft:light_gray_concrete":408,"minecraft:spruce_slab":18,"rechiseled:spruce_planks_diagonal_stripes_connecting":4,"minecraft:kelp_plant":22,"minecraft:polished_deepslate_stairs":3,"minecraft:medium_amethyst_bud":4,"minecraft:amethyst_cluster":10,"minecraft:chiseled_quartz_block":115,"minecraft:torch":49,"minecraft:calcite":97,"mna:cerublossom":8,"minecraft:green_concrete_powder":1,"minecraft:chest":17,"minecraft:cobblestone":17,"minecraft:grindstone":1,"minecraft:oak_planks":1,"minecraft:iron_door":2,"minecraft:wall_torch":27,"minecraft:amethyst_block":51,"minecraft:seagrass":11,"minecraft:light_gray_stained_glass":4,"minecraft:wheat":56,"minecraft:stone_brick_stairs":39,"minecraft:smooth_stone_slab":85,"minecraft:grass":94,"minecraft:oak_log":31,"delightful:mini_melon":33,"minecraft:dirt":61,"minecraft:sand":514,"minecraft:smooth_quartz":523,"minecraft:smooth_basalt":102,"minecraft:stonecutter":1,"minecraft:dispenser":1,"minecraft:netherrack":55,"minecraft:oak_leaves":1,"minecraft:deepslate":2,"minecraft:emerald_block":2,"minecraft:redstone_lamp":4,"arclight:cryorium_ore":11,"minecraft:red_carpet":2,"minecraft:quartz_stairs":6,"dynamictrees:birch_branch":87,"minecraft:ladder":57,"minecraft:spruce_fence":15,"arclight:arclight_ore":2,"minecraft:redstone_wire":1,"mna:vinteum_ore":13,"minecraft:kelp":4,"minecraft:sandstone":98,"minecraft:hay_block":18,"minecraft:furnace":4,"minecraft:andesite":129,"minecraft:stripped_spruce_log":24,"minecraft:black_concrete":8,"evilcraft:dark_ore":2,"minecraft:polished_deepslate":9,"dynamictrees:oak_branch":51,"farmersdelight:rope":9,"minecraft:lantern":1,"irons_spellbooks:inscription_table":1,"minecraft:stone":885,"minecraft:white_tulip":1,"minecraft:green_wool":16,"minecraft:oak_slab":2,"minecraft:redstone_block":1,"minecraft:gray_concrete":17,"minecraft:glass_pane":12,"minecraft:red_wool":12,"minecraft:stone_brick_slab":1,"minecraft:dandelion":5,"pipez:item_pipe":8,"minecraft:oak_fence":1,"minecraft:crafting_table":2,"minecraft:copper_ore":8,"minecraft:tall_grass":21,"minecraft:cracked_deepslate_bricks":16,"delightful:wild_salmonberries":2,"minecraft:diorite":108,"minecraft:air":87,"minecraft:spruce_stairs":1,"minecraft:gray_wool":4,"minecraft:spruce_log":362,"minecraft:black_wool":34,"minecraft:coal_ore":83,"minecraft:gravel":44,"minecraft:cracked_stone_bricks":1,"minecraft:stone_bricks":8,"minecraft:polished_andesite":26,"minecraft:birch_fence":1},"minecraft:broken":{"minecraft:diamond_helmet":1,"minecraft:leather_leggings":1,"minecraft:diamond_boots":1,"minecraft:stone_axe":1,"minecraft:diamond_chestplate":1,"minecraft:diamond_leggings":1,"minecraft:chainmail_helmet":1,"immersive_armors:heavy_boots":1},"minecraft:dropped":{"minecraft:diamond_axe":2,"minecraft:baked_potato":5,"minecraft:diamond":16,"minecraft:red_wool":4,"minecraft:emerald":16,"minecraft:dirt":194,"minecraft:wooden_sword":1,"minecraft:birch_log":7,"dynamictrees:oak_seed":3,"minecraft:wheat":57,"minecraft:oak_planks":1,"quarry:quarry_block":1,"hpm:cuttermilitariseditem":1,"minecraft:chest":2,"minecraft:beef":9,"minecraft:iron_ingot":20,"minecraft:bread":17,"minecraft:wheat_seeds":1,"minecraft:oak_fence":1,"minecraft:cobblestone":70,"croptopia:sweetpotato":1,"minecraft:grass_block":1,"minecraft:stick":12,"minecraft:melon_slice":2,"minecraft:raw_iron_block":4,"minecraft:string":1,"artifacts:bunny_hoppers":1,"quarry:area_card":1,"epicfight:uchigatana":3,"minecraft:raw_iron":188,"minecraft:potato":40,"pipez:item_pipe":1,"bloodandmadness:sanguisteel_nugget":1,"minecraft:stone_pressure_plate":12,"minecraft:spruce_log":1,"pipez:wrench":1}},"DataVersion":3120}