{"stats":{"minecraft:dropped":{"bloodandmadness:blood_vial":1,"dynamictrees:spruce_seed":1,"better_weaponry:amethyst_axe":1,"tombstone:familiar_receptacle":1,"better_weaponry:emerald_armor_helmet":1,"minecraft:sugar_cane":2,"minecraft:rotten_flesh":4,"minecraft:cooked_mutton":4,"evilcraft:flesh_humanoid":1,"minecraft:enchanted_book":1,"travelersbackpack:coal":1,"mna:staff_prismarinecrystal":1,"minecraft:diamond_leggings":2,"minecraft:iron_helmet":1,"minecraft:apple":1,"minecraft:golden_apple":4,"minecraft:golden_carrot":8,"minecraft:torch":59,"minecraft:diamond_helmet":1,"minecraft:potion":2,"ars_nouveau:wilden_wing":3,"mna:guide_book":1,"better_weaponry:diamond_hammer":1,"minecraft:diamond_chestplate":1,"immersive_armors:bone_helmet":10,"minecraft:diamond_boots":2,"epicfight:skillbook":4},"minecraft:killed":{"minecraft:cave_spider":8,"minecraft:spider":4,"minecraft:skeleton":14,"felicity_craft:draugr":1,"bloodandmadness:beast_patient":1,"minecraft:silverfish":3,"irons_spellbooks:archevoker":1,"mna:spell_breaker":1,"artifacts:mimic":1,"minecraft:magma_cube":39,"minecraft:sheep":5,"minecraft:pillager":3,"minecraft:zombie":50,"minecraft:stray":7,"minecraft:blaze":9,"minecraft:cow":1,"minecraft:vex":2,"irons_spellbooks:summoned_zombie":1,"minecraft:vindicator":3,"mna:skeleton_assassin":2,"bloodandmadness:huntsman_axe":1,"mna:barkling":1,"mna:hulking_zombie":1,"minecraft:hoglin":1,"felicity_craft:rifle_huntsman":1,"minecraft:wither_skeleton":7},"minecraft:killed_by":{"minecraft:blaze":1,"minecraft:zombie":3,"minecraft:stray":1},"minecraft:picked_up":{"minecraft:wooden_axe":1,"irons_spellbooks:scroll":2,"ars_nouveau:caster_tome":1,"minecraft:wheat":66,"minecraft:light_blue_concrete":1,"minecraft:chainmail_boots":2,"minecraft:redstone_block":2,"minecraft:anvil":4,"minecraft:lead":1,"minecraft:stone_slab":3,"minecraft:enchanted_book":1,"minecraft:golden_sword":1,"better_weaponry:diamond_hammer":1,"minecraft:music_disc_cat":1,"minecraft:string":9,"minecraft:beetroot":13,"irons_spellbooks:arcane_essence":5,"minecraft:diamond_leggings":1,"minecraft:spruce_planks":28,"celestisynth:lunar_stone":10,"minecraft:cobblestone_slab":2,"minecraft:wooden_shovel":1,"mna:guide_book":1,"minecraft:furnace":4,"minecraft:tipped_arrow":3,"minecraft:stick":23,"minecraft:torch":82,"minecraft:spruce_stairs":1,"epicfight:skillbook":7,"tombstone:grave_dust":7,"minecraft:diorite":8,"mna:sachet_ender":1,"minecraft:rotten_flesh":86,"minecraft:blaze_rod":2,"minecraft:iron_bars":15,"minecraft:obsidian":1,"bloodandmadness:blood_stone_shard":1,"felicity_craft:estus_flask":1,"minecraft:cobblestone":106,"immersive_armors:bone_helmet":9,"minecraft:leather_chestplate":2,"minecraft:cooked_beef":12,"minecraft:magma_cream":6,"minecraft:iron_door":1,"minecraft:golden_leggings":1,"minecraft:potato":40,"minecraft:tuff":1,"evilcraft:flesh_humanoid":2,"minecraft:lapis_lazuli":13,"minecraft:dirt":1,"tombstone:familiar_receptacle":1,"irons_spellbooks:hogskin":2,"minecraft:bone":42,"better_weaponry:emerald_armor_helmet":1,"minecraft:bow":2,"delightful:mini_melon":8,"minecraft:wheat_seeds":82,"better_weaponry:emerald_pickaxe":1,"minecraft:mossy_stone_bricks":2,"minecraft:diamond_helmet":1,"mna:cerublossom":2,"minecraft:mossy_stone_brick_stairs":1,"mna:staff_prismarinecrystal":1,"irons_spellbooks:frozen_bone":11,"minecraft:sand":125,"minecraft:nether_brick_stairs":7,"minecraft:polished_andesite":5,"minecraft:sugar":2,"minecraft:crossbow":1,"minecraft:emerald":13,"minecraft:bread":7,"minecraft:oak_sapling":10,"minecraft:netherrack":1,"minecraft:crafting_table":4,"felicity_craft:gold_coin":2,"dynamictrees:spruce_seed":1,"minecraft:wooden_pickaxe":1,"minecraft:shield":2,"epicfight:stray_pants":1,"minecraft:iron_axe":1,"artifacts:feral_claws":1,"bloodandmadness:blood_vial":1,"minecraft:cracked_stone_bricks":1,"farmersdelight:beef_patty":2,"mna:bone_ash":4,"minecraft:sugar_cane":3,"felicity_craft:bullet":1,"sophisticatedbackpacks:backpack":1,"minecraft:polished_blackstone_bricks":1,"minecraft:redstone":2,"minecraft:stone_pressure_plate":1,"minecraft:dark_oak_planks":1,"irons_spellbooks:evocation_rune":1,"minecraft:diamond_chestplate":1,"minecraft:arrow":41,"minecraft:beetroot_seeds":38,"minecraft:nether_bricks":7,"minecraft:diamond_boots":1,"minecraft:deepslate_bricks":3,"minecraft:saddle":2,"minecraft:totem_of_undying":1,"minecraft:mutton":7,"minecraft:white_wool":4,"evilcraft:environmental_accumulation_core":1,"ars_nouveau:wilden_wing":3,"minecraft:oak_log":26,"minecraft:chainmail_chestplate":1,"minecraft:golden_boots":1,"minecraft:gunpowder":1,"minecraft:cobblestone_wall":3,"tombstone:gift":2,"minecraft:white_banner":1,"minecraft:cooked_mutton":10,"minecraft:stone_bricks":1,"travelersbackpack:coal":6,"tombstone:bag_of_seeds":3,"minecraft:iron_sword":1,"minecraft:green_dye":30,"minecraft:oak_slab":2,"rlovelyr:bunny2_spawn":1,"mna:mark_of_the_undead":2,"minecraft:amethyst_shard":4,"minecraft:spruce_log":37,"minecraft:spider_eye":1,"minecraft:spruce_door":29,"minecraft:leather_helmet":2,"minecraft:diamond_shovel":1,"minecraft:light_gray_candle":1,"minecraft:iron_helmet":2,"tombstone:magic_scroll":2},"minecraft:used":{"minecraft:iron_shovel":21,"minecraft:chest":7,"minecraft:shield":8,"felicity_craft:mana_potion":1,"minecraft:tuff":1,"minecraft:milk_bucket":2,"ars_nouveau:source_berry":10,"minecraft:sweet_berries":8,"minecraft:furnace":14,"epicfight:skillbook":10,"minecraft:diorite":5,"minecraft:leather_leggings":1,"minecraft:spruce_door":15,"minecraft:oak_planks":5,"felicity_craft:estus_flask":1,"minecraft:wooden_pickaxe":2,"minecraft:golden_apple":10,"rlovelyr:bunny2_spawn":2,"minecraft:melon_slice":21,"minecraft:bread":26,"better_weaponry:emerald_pickaxe":279,"felicity_craft:half_estus_flask":1,"minecraft:chainmail_boots":1,"mcwdoors:oak_barn_door":2,"minecraft:golden_pickaxe":3,"better_weaponry:emerald_scythe":9,"minecraft:iron_bars":2,"minecraft:flint_and_steel":3,"felicity_craft:fire_staff":9,"minecraft:spruce_planks":6,"minecraft:torch":19,"better_weaponry:emerald_axe":84,"better_weaponry:emerald_sword":43,"farmersdelight:beef_patty":2,"minecraft:wooden_axe":118,"felicity_craft:steel_dagger":13,"minecraft:golden_carrot":15,"tombstone:gift":10,"minecraft:cooked_beef":24,"minecraft:enchanted_golden_apple":1,"minecraft:cooked_mutton":7,"tombstone:scroll_of_knowledge":1,"rlovelyr:dragon_spawn":1,"tombstone:scroll_of_reach":1,"farmersdelight:skillet":16,"minecraft:polished_andesite":2,"minecraft:baked_potato":1,"travelersbackpack:coal":13,"minecraft:cracked_stone_bricks":1,"minecraft:music_disc_cat":1,"minecraft:crafting_table":6,"minecraft:white_bed":1,"delightful:mini_melon":1,"minecraft:apple":17,"minecraft:iron_pickaxe":3,"tombstone:magic_scroll":2,"minecraft:leather_helmet":1,"minecraft:cobblestone":8,"minecraft:potion":13,"minecraft:cooked_porkchop":1,"epicfight:uchigatana":505},"minecraft:broken":{"felicity_craft:mage_helmet":1,"minecraft:wooden_axe":2,"minecraft:leather_helmet":1,"minecraft:wooden_pickaxe":1,"felicity_craft:mage_boots":1},"minecraft:mined":{"minecraft:spruce_planks":26,"minecraft:mossy_stone_brick_slab":2,"minecraft:light_blue_concrete":1,"minecraft:black_terracotta":2,"minecraft:obsidian":5,"minecraft:budding_amethyst":1,"minecraft:grass_block":13,"minecraft:deepslate_bricks":3,"minecraft:spawner":41,"minecraft:polished_blackstone_bricks":1,"travelersbackpack:coal":4,"minecraft:glowstone":1,"minecraft:fire":2,"minecraft:barrel":1,"minecraft:nether_brick_stairs":8,"minecraft:sculk_shrieker":1,"minecraft:dirt_path":1,"minecraft:iron_bars":9,"minecraft:light_gray_concrete":3,"minecraft:quartz_block":1,"minecraft:medium_amethyst_bud":1,"minecraft:amethyst_cluster":1,"minecraft:torch":2,"felicity_craft:bonfire":1,"minecraft:cobblestone":7,"minecraft:iron_door":1,"minecraft:wall_torch":1,"minecraft:wheat":75,"celestisynth:lunar_stone":9,"minecraft:grass":9,"minecraft:oak_log":18,"delightful:mini_melon":8,"minecraft:dirt":6,"minecraft:ancient_debris":1,"minecraft:deepslate":8,"minecraft:tuff":1,"minecraft:nether_bricks":9,"celestisynth:zephyr_deposit":1,"minecraft:furnace":4,"dynamictrees:spruce_leaves":1,"minecraft:mossy_stone_brick_stairs":1,"minecraft:bookshelf":1,"dynamictrees:oak_branch":35,"minecraft:cobblestone_slab":2,"minecraft:vine":38,"minecraft:stone":102,"minecraft:oak_slab":2,"minecraft:redstone_block":2,"dynamictrees:spruce_branch":21,"minecraft:infested_stone_bricks":1,"minecraft:oak_fence":1,"minecraft:crafting_table":4,"minecraft:stone_slab":4,"minecraft:diorite":8,"minecraft:air":27,"minecraft:spruce_stairs":1,"minecraft:cobblestone_wall":3,"minecraft:spruce_log":30,"minecraft:cracked_stone_bricks":1,"minecraft:polished_blackstone":3,"minecraft:polished_andesite":19,"minecraft:stone_bricks":1,"minecraft:mossy_stone_bricks":2,"minecraft:dark_oak_planks":1},"minecraft:custom":{"minecraft:interact_with_crafting_table":37,"minecraft:open_barrel":19,"minecraft:eat_cake_slice":3,"minecraft:leave_game":7,"minecraft:time_since_death":42771,"minecraft:damage_resisted":103,"minecraft:sprint_one_cm":944240,"minecraft:damage_blocked_by_shield":445,"minecraft:drop":57,"minecraft:play_time":620504,"minecraft:deaths":9,"minecraft:jump":2815,"minecraft:walk_on_water_one_cm":53778,"minecraft:interact_with_furnace":10,"minecraft:play_record":1,"minecraft:sleep_in_bed":2,"minecraft:waystone_activated":4,"minecraft:damage_dealt":31555,"minecraft:crouch_one_cm":89748,"tombstone:undead_killed":83,"minecraft:mob_kills":170,"minecraft:interact_with_anvil":6,"minecraft:climb_one_cm":44415,"minecraft:walk_one_cm":2996546,"minecraft:damage_dealt_absorbed":1547,"minecraft:raid_win":1,"minecraft:sneak_time":1982,"minecraft:walk_under_water_one_cm":32340,"minecraft:boat_one_cm":384156,"minecraft:interact_with_lectern":1,"minecraft:total_world_time":624634,"tombstone:raider_killed":6,"minecraft:time_since_rest":42572,"minecraft:damage_taken":11816,"minecraft:damage_absorbed":569,"tombstone:cast_on_ally":1,"minecraft:swim_one_cm":40965,"minecraft:fly_one_cm":758417,"minecraft:open_chest":266,"minecraft:fall_one_cm":257766},"minecraft:crafted":{"minecraft:oak_planks":104,"minecraft:melon_slice":21,"travelersbackpack:hose_nozzle":1,"better_weaponry:emerald_armor_helmet":1,"minecraft:glass":31,"minecraft:diamond_helmet":1,"minecraft:diamond_leggings":1,"better_weaponry:amethyst_axe":1,"minecraft:chest":7,"minecraft:emerald":18,"better_weaponry:emerald_scythe":1,"minecraft:crafting_table":3,"minecraft:spruce_planks":120,"minecraft:spruce_door":57,"better_weaponry:emerald_pickaxe":1,"rlovelyr:bunny2_spawn":1,"minecraft:stick":8,"minecraft:iron_pickaxe":1,"minecraft:gold_ingot":26,"minecraft:shears":1,"minecraft:redstone":9,"minecraft:furnace":11,"better_weaponry:emerald_axe":1,"minecraft:glass_pane":16,"minecraft:flint_and_steel":1,"better_weaponry:emerald_sword":1,"minecraft:diamond":72,"minecraft:diamond_boots":1,"minecraft:redstone_block":1,"rlovelyr:dragon_spawn":1,"travelersbackpack:hose":1,"minecraft:bread":23,"immersive_armors:bone_helmet":1,"minecraft:golden_apple":5,"minecraft:gold_nugget":54,"minecraft:white_bed":1,"better_weaponry:diamond_spear":1,"minecraft:torch":8,"mcwdoors:oak_barn_door":2,"minecraft:diamond_chestplate":1,"rlovelyr:robot_core":2}},"DataVersion":3120}