{"stats":{"minecraft:killed":{"minecraft:cave_spider":9,"minecraft:witch":4,"minecraft:spider":8,"minecraft:cod":2,"minecraft:skeleton":27,"felicity_craft:draugr":3,"bloodandmadness:beast_patient":4,"minecraft:chicken":4,"irons_spellbooks:summoned_skeleton":1,"minecraft:magma_cube":149,"minecraft:pig":7,"alexsmobs:seal":1,"minecraft:creeper":2,"minecraft:sheep":2,"rlovelyr:bunny2":1,"minecraft:pillager":24,"mna:mushroom_soldier":4,"minecraft:zombie":70,"minecraft:stray":3,"minecraft:cow":13,"minecraft:blaze":1,"mowziesmobs:naga":1,"minecraft:evoker":1,"minecraft:vex":2,"bloodandmadness:church_doctor":1,"irons_spellbooks:summoned_zombie":1,"alexsmobs:raccoon":1,"mna:skeleton_assassin":4,"minecraft:vindicator":6,"mna:pixie":1,"minecraft:phantom":5,"bloodandmadness:huntsman_axe":1,"alexsmobs:bison":2,"mna:hulking_zombie":2,"creeperoverhaul:spruce_creeper":1,"minecraft:ravager":3,"minecraft:hoglin":2,"alexsmobs:crocodile":1,"felicity_craft:deer":1,"felicity_craft:rifle_huntsman":1,"minecraft:wither_skeleton":5,"felicity_craft:church_doctor_pistol":1,"minecraft:enderman":1},"minecraft:dropped":{"felicity_craft:blunderbuss":1,"minecraft:iron_sword":1,"minecraft:porkchop":2,"minecraft:cooked_beef":12,"felicity_craft:saw_cleaver_extended":3,"farmersdelight:beef_patty":2,"minecraft:emerald":8,"irons_spellbooks:hogskin":2,"better_weaponry:amethyst_axe":2,"minecraft:sand":125,"minecraft:iron_pickaxe":2,"minecraft:white_wool":5,"tombstone:familiar_receptacle":2,"minecraft:cooked_chicken":1,"minecraft:rotten_flesh":2,"minecraft:oak_planks":1,"minecraft:glowstone_dust":10,"minecraft:cooked_mutton":10,"minecraft:arrow":3,"minecraft:enchanted_book":1,"minecraft:bread":7,"mna:staff_prismarinecrystal":1,"minecraft:lead":2,"felicity_craft:saw_cleaver":1,"minecraft:spruce_door":29,"minecraft:coal":2,"mca:book_romance":1,"relics:roller_skates":1,"minecraft:torch":24,"minecraft:green_dye":30,"minecraft:wooden_axe":1,"rlovelyr:bunny2_spawn":1,"better_weaponry:diamond_scythe":2,"minecraft:string":1,"ars_nouveau:caster_tome":1,"mna:guide_book":1,"minecraft:anvil":4,"minecraft:raw_iron":18,"sophisticatedbackpacks:backpack":2,"better_weaponry:diamond_hammer":5,"minecraft:shield":1,"minecraft:spruce_planks":2,"better_weaponry:emerald_pickaxe":2,"minecraft:diamond_pickaxe":2,"minecraft:wooden_shovel":1,"minecraft:stone_bricks":1,"minecraft:diamond_boots":1,"minecraft:raw_gold":1,"simplyswords:iron_claymore":1,"epicfight:skillbook":10,"ars_nouveau:warp_scroll":1},"minecraft:killed_by":{"minecraft:wither_skeleton":2,"minecraft:magma_cube":3,"siren_head:siren_head":1,"minecraft:vindicator":2,"minecraft:blaze":1,"minecraft:zombie":4,"minecraft:vex":2,"minecraft:hoglin":1,"minecraft:phantom":1},"minecraft:picked_up":{"minecraft:wheat":2,"minecraft:chainmail_boots":1,"minecraft:anvil":8,"minecraft:lead":2,"minecraft:diamond_sword":1,"minecraft:oak_stairs":1,"minecraft:potion":3,"minecraft:enchanted_book":2,"croptopia:calamari":3,"felicity_craft:tomato":1,"minecraft:amethyst_block":16,"better_weaponry:diamond_hammer":5,"minecraft:string":16,"minecraft:beetroot":1,"mna:mark_of_the_fey":2,"minecraft:diamond_leggings":1,"celestisynth:lunar_stone":1,"minecraft:spruce_planks":2,"delightful:acorn":1,"minecraft:wooden_shovel":1,"dynamictrees:oak_seed":3,"minecraft:iron_pickaxe":2,"mna:guide_book":1,"alexsmobs:raccoon_tail":1,"minecraft:tipped_arrow":2,"minecraft:stick":33,"minecraft:torch":65,"epicfight:skillbook":10,"minecraft:porkchop":10,"tombstone:grave_dust":12,"mna:sachet_ender":5,"minecraft:rotten_flesh":59,"felicity_craft:saw_cleaver":1,"minecraft:blaze_rod":1,"minecraft:obsidian":7,"bloodandmadness:blood_stone_shard":1,"minecraft:iron_bars":14,"minecraft:cod":1,"minecraft:cobblestone":19,"immersive_armors:bone_helmet":1,"minecraft:cooked_beef":35,"minecraft:feather":2,"minecraft:magma_cream":6,"minecraft:andesite":2,"minecraft:golden_leggings":1,"minecraft:potato":3,"alexsmobs:bison_fur":3,"evilcraft:flesh_humanoid":1,"minecraft:dirt":5,"tombstone:familiar_receptacle":2,"irons_spellbooks:hogskin":2,"minecraft:bone":46,"felicity_craft:saw_cleaver_extended":3,"minecraft:bow":1,"minecraft:wheat_seeds":3,"minecraft:raw_gold":2,"better_weaponry:emerald_pickaxe":1,"minecraft:diamond_helmet":1,"minecraft:glowstone_dust":14,"croptopia:roe":1,"mna:cerublossom":3,"minecraft:oak_planks":2,"mna:staff_prismarinecrystal":1,"croptopia:chile_pepper_seed":2,"irons_spellbooks:frozen_bone":15,"minecraft:cooked_porkchop":11,"irons_spellbooks:legendary_ink":2,"minecraft:sand":125,"minecraft:nether_brick_stairs":1,"minecraft:ink_sac":7,"minecraft:fermented_spider_eye":1,"minecraft:mossy_cobblestone":1,"croptopia:chile_pepper":1,"minecraft:bundle":1,"minecraft:polished_andesite":7,"minecraft:spruce_boat":4,"felicity_craft:blunderbuss":1,"minecraft:crossbow":1,"minecraft:golden_apple":4,"mna:wakebloom":1,"minecraft:emerald":2,"minecraft:diamond_pickaxe":2,"minecraft:crafting_table":2,"minecraft:chicken":1,"minecraft:leather_leggings":1,"minecraft:golden_pickaxe":1,"ars_nouveau:warp_scroll":2,"minecraft:gold_block":1,"minecraft:shield":1,"epicfight:stray_pants":1,"better_weaponry:amethyst_axe":3,"mna:vinteum_ore":3,"bloodandmadness:blood_vial":5,"minecraft:cracked_stone_bricks":6,"mna:bone_ash":3,"minecraft:chest":7,"minecraft:raw_iron":11,"felicity_craft:bullet":2,"sophisticatedbackpacks:backpack":1,"felicity_craft:silver_ingot":1,"minecraft:arrow":36,"minecraft:beetroot_seeds":3,"minecraft:nether_bricks":1,"minecraft:diamond_boots":2,"bloodandmadness:sanguisteel_nugget":1,"felicity_craft:bonfire":1,"minecraft:totem_of_undying":1,"tombstone:essence_of_undeath":2,"minecraft:mutton":2,"minecraft:white_wool":11,"minecraft:golden_carrot":8,"minecraft:leather":18,"simplyswords:iron_claymore":1,"minecraft:oak_log":11,"minecraft:ancient_debris":6,"mca:book_romance":2,"minecraft:white_banner":6,"tombstone:gift":4,"irons_spellbooks:rare_ink":1,"minecraft:cooked_mutton":4,"minecraft:apple":2,"minecraft:stone_bricks":1,"minecraft:kelp":6,"minecraft:cooked_chicken":3,"tombstone:bag_of_seeds":3,"croptopia:turnip_seed":1,"blue_skies:winter_leaf_seeds":1,"minecraft:book":6,"rlovelyr:bunny2_spawn":1,"minecraft:sweet_berries":5,"minecraft:chiseled_stone_bricks":3,"mna:aum":16,"minecraft:spider_eye":8,"mowziesmobs:naga_fang":2,"minecraft:iron_helmet":2,"better_weaponry:diamond_scythe":2,"minecraft:coal":4},"minecraft:used":{"minecraft:beetroot":1,"croptopia:calamari":1,"sophisticatedbackpacks:copper_backpack":1,"minecraft:chest":11,"minecraft:obsidian":3,"minecraft:spruce_boat":4,"better_weaponry:diamond_hammer":205,"minecraft:sweet_berries":9,"minecraft:furnace":1,"minecraft:cooked_cod":1,"epicfight:skillbook":19,"minecraft:oak_planks":1,"minecraft:cookie":9,"minecraft:golden_apple":12,"relics:horse_flute":7,"minecraft:bread":63,"better_weaponry:diamond_scythe":22,"better_weaponry:emerald_pickaxe":15,"better_weaponry:amethyst_axe":26,"minecraft:experience_bottle":23,"simplyswords:iron_claymore":60,"minecraft:flint_and_steel":1,"minecraft:spruce_planks":2,"minecraft:wooden_shovel":117,"minecraft:cooked_chicken":2,"minecraft:torch":98,"minecraft:anvil":1,"farmersdelight:rope":7,"farmersdelight:beef_patty":2,"felicity_craft:saw_cleaver":36,"evilcraft:box_of_eternal_closure":1,"minecraft:diamond_chestplate":1,"minecraft:golden_carrot":8,"tombstone:gift":13,"farmersdelight:cooked_mutton_chops":3,"minecraft:cooked_beef":23,"minecraft:cooked_mutton":4,"tombstone:scroll_of_reach":2,"minecraft:amethyst_block":3,"minecraft:bundle":1,"minecraft:baked_potato":6,"minecraft:cracked_stone_bricks":1,"minecraft:crafting_table":5,"tombstone:bag_of_seeds":3,"minecraft:diamond_pickaxe":139,"minecraft:apple":3,"minecraft:iron_pickaxe":92,"minecraft:chiseled_stone_bricks":2,"felicity_craft:saw_cleaver_extended":445,"farmersdelight:cooked_bacon":4,"minecraft:cobblestone":3,"minecraft:potion":6,"minecraft:cooked_porkchop":21,"alexsmobs:animal_dictionary":4,"epicfight:uchigatana":8},"minecraft:broken":{"felicity_craft:hunter_armor_leggings":1,"minecraft:wooden_shovel":2,"felicity_craft:hunter_armor_boots":1,"better_weaponry:amethyst_axe":1,"felicity_craft:hunter_armor_helmet":1},"minecraft:mined":{"minecraft:stone_pressure_plate":2,"minecraft:spruce_planks":2,"minecraft:obsidian":3,"minecraft:grass_block":3,"minecraft:chiseled_stone_bricks":3,"minecraft:spawner":41,"minecraft:glowstone":4,"minecraft:iron_ore":11,"minecraft:deepslate_lapis_ore":1,"minecraft:nether_brick_stairs":3,"minecraft:oak_stairs":1,"minecraft:iron_bars":18,"minecraft:light_gray_concrete":1,"minecraft:cyan_terracotta":1,"minecraft:kelp_plant":4,"minecraft:torch":3,"mna:cerublossom":5,"minecraft:chest":7,"minecraft:cobblestone":10,"minecraft:oak_planks":1,"minecraft:iron_door":1,"minecraft:wall_torch":1,"minecraft:amethyst_block":16,"minecraft:light_gray_stained_glass":1,"celestisynth:lunar_stone":4,"minecraft:grass":20,"minecraft:oak_log":1,"minecraft:dirt":4,"minecraft:sand":130,"minecraft:smooth_quartz":4,"minecraft:sandstone_wall":1,"minecraft:netherrack":1,"minecraft:ancient_debris":5,"minecraft:deepslate":26,"minecraft:tuff":1,"minecraft:mossy_cobblestone":2,"minecraft:nether_bricks":2,"evilcraft:environmental_accumulator":1,"mna:vinteum_ore":3,"minecraft:black_stained_glass_pane":1,"minecraft:polished_basalt":1,"mna:aum":16,"minecraft:andesite":7,"dynamictrees:spruce_leaves":4,"minecraft:gold_block":1,"minecraft:bookshelf":3,"dynamictrees:oak_branch":12,"minecraft:vine":39,"minecraft:stone":9,"minecraft:green_wool":2,"minecraft:oak_fence":1,"minecraft:crafting_table":4,"minecraft:tall_grass":1,"minecraft:lapis_ore":1,"minecraft:air":4,"farmersdelight:wild_beetroots":1,"felicity_craft:tomato_plant":1,"minecraft:cobweb":1,"minecraft:cracked_stone_bricks":6,"minecraft:polished_andesite":7,"minecraft:stone_bricks":3,"minecraft:gold_ore":1},"minecraft:custom":{"minecraft:interact_with_crafting_table":27,"minecraft:open_barrel":27,"minecraft:leave_game":7,"minecraft:time_since_death":4922,"minecraft:damage_resisted":178,"minecraft:sprint_one_cm":1311474,"minecraft:drop":98,"minecraft:play_time":607911,"minecraft:deaths":21,"minecraft:jump":3498,"minecraft:walk_on_water_one_cm":73156,"minecraft:interact_with_furnace":61,"minecraft:interact_with_cartography_table":1,"minecraft:sleep_in_bed":2,"minecraft:waystone_activated":4,"minecraft:damage_dealt":55461,"minecraft:crouch_one_cm":112101,"tombstone:undead_killed":121,"minecraft:mob_kills":441,"minecraft:interact_with_anvil":7,"minecraft:climb_one_cm":47480,"minecraft:walk_one_cm":3989507,"minecraft:damage_dealt_absorbed":932,"minecraft:raid_win":1,"minecraft:sneak_time":3831,"minecraft:walk_under_water_one_cm":51593,"minecraft:boat_one_cm":472689,"minecraft:interact_with_blast_furnace":1,"minecraft:total_world_time":607911,"tombstone:raider_killed":43,"minecraft:raid_trigger":1,"minecraft:interact_with_grindstone":2,"minecraft:time_since_rest":4670,"minecraft:damage_taken":18983,"minecraft:damage_absorbed":265,"tombstone:cast_on_ally":1,"minecraft:swim_one_cm":35083,"minecraft:fly_one_cm":636287,"minecraft:open_chest":332,"minecraft:fall_one_cm":175578},"minecraft:crafted":{"minecraft:oak_planks":44,"minecraft:cooked_mutton":10,"minecraft:green_dye":30,"minecraft:bow":1,"minecraft:chest":5,"minecraft:wooden_shovel":4,"sophisticatedbackpacks:backpack":1,"minecraft:cooked_porkchop":10,"minecraft:crafting_table":3,"minecraft:baked_potato":1,"farmersdelight:skillet":1,"farmersdelight:beef_patty":4,"minecraft:string":4,"minecraft:stick":32,"minecraft:iron_pickaxe":1,"farmersdelight:cooked_bacon":4,"better_weaponry:diamond_scythe":1,"better_weaponry:diamond_hammer":1,"better_weaponry:diamond_shuriken":1,"minecraft:furnace":1,"minecraft:flint_and_steel":1,"minecraft:spruce_boat":1,"minecraft:cooked_beef":3,"farmersdelight:cooked_mutton_chops":3,"minecraft:anvil":1,"minecraft:torch":4}},"DataVersion":3120}