{"stats":{"minecraft:custom":{"minecraft:interact_with_crafting_table":82,"minecraft:open_barrel":37,"minecraft:leave_game":15,"minecraft:time_since_death":105486,"minecraft:damage_resisted":178,"minecraft:sprint_one_cm":1753896,"minecraft:drop":554,"minecraft:play_noteblock":1,"minecraft:talked_to_villager":3,"minecraft:play_time":1067670,"minecraft:deaths":24,"minecraft:jump":5966,"minecraft:walk_on_water_one_cm":101278,"minecraft:interact_with_furnace":71,"minecraft:traded_with_villager":1,"minecraft:interact_with_cartography_table":1,"minecraft:sleep_in_bed":8,"minecraft:waystone_activated":4,"minecraft:damage_dealt":75604,"minecraft:player_kills":1,"minecraft:crouch_one_cm":116196,"tombstone:undead_killed":159,"minecraft:inspect_dispenser":2,"minecraft:interact_with_smithing_table":9,"minecraft:interact_with_anvil":15,"minecraft:mob_kills":547,"minecraft:inspect_hopper":2,"minecraft:climb_one_cm":100930,"minecraft:walk_one_cm":5696039,"minecraft:damage_dealt_absorbed":1572,"minecraft:raid_win":1,"minecraft:sneak_time":7175,"minecraft:walk_under_water_one_cm":67502,"minecraft:boat_one_cm":490193,"minecraft:interact_with_blast_furnace":1,"minecraft:total_world_time":1067670,"tombstone:raider_killed":54,"minecraft:raid_trigger":1,"minecraft:interact_with_grindstone":2,"minecraft:time_since_rest":77199,"minecraft:damage_taken":27381,"minecraft:damage_absorbed":321,"tombstone:cast_on_ally":1,"minecraft:swim_one_cm":59062,"minecraft:fly_one_cm":1334493,"minecraft:open_chest":524,"minecraft:fall_one_cm":507472},"minecraft:picked_up":{"minecraft:wheat":59,"minecraft:redstone_block":3,"minecraft:chainmail_boots":1,"minecraft:anvil":8,"artifacts:bunny_hoppers":1,"minecraft:smithing_table":1,"minecraft:lead":2,"minecraft:diamond_sword":1,"rlovelyr:vanilla_spawn":1,"minecraft:oak_stairs":1,"minecraft:enchanted_book":3,"minecraft:potion":3,"croptopia:calamari":3,"minecraft:stone_brick_stairs":45,"minecraft:amethyst_block":338,"minecraft:polished_deepslate":27,"minecraft:string":20,"minecraft:smooth_stone_slab":92,"minecraft:red_nether_bricks":1,"minecraft:beetroot":1,"mna:mark_of_the_fey":2,"irons_spellbooks:arcane_essence":1,"minecraft:diamond_leggings":1,"comforts:sleeping_bag_white":2,"delightful:acorn":1,"minecraft:spruce_planks":5,"celestisynth:lunar_stone":1,"minecraft:calcite":156,"dynamictrees:oak_seed":48,"minecraft:wooden_shovel":1,"minecraft:smooth_quartz":616,"minecraft:iron_pickaxe":2,"mna:guide_book":1,"alexsmobs:raccoon_tail":1,"minecraft:coal_block":3,"minecraft:furnace":5,"minecraft:tipped_arrow":2,"minecraft:stick":184,"minecraft:torch":71,"epicfight:skillbook":11,"minecraft:sandstone_wall":1,"minecraft:porkchop":22,"tombstone:grave_dust":15,"minecraft:warped_planks":2,"minecraft:deepslate_tile_stairs":45,"mna:sachet_ender":9,"pipez:wrench":1,"minecraft:rotten_flesh":91,"farmersdelight:rope":1,"minecraft:green_wool":5,"minecraft:blaze_rod":1,"minecraft:obsidian":12,"bloodandmadness:blood_stone_shard":4,"minecraft:iron_bars":14,"minecraft:cod":1,"minecraft:cobblestone":41,"minecraft:enchanting_table":1,"minecraft:birch_log":30,"immersive_armors:bone_helmet":1,"minecraft:feather":2,"minecraft:cooked_beef":35,"minecraft:magma_cream":6,"minecraft:repeater":5,"minecraft:andesite":5,"minecraft:green_concrete_powder":3,"mna:sachet_water":1,"minecraft:golden_leggings":1,"minecraft:chiseled_quartz_block":167,"minecraft:potato":3,"alexsmobs:bison_fur":3,"evilcraft:flesh_humanoid":1,"minecraft:gray_concrete":39,"minecraft:dirt":21,"tombstone:familiar_receptacle":2,"mna:sachet_arcane":2,"irons_spellbooks:hogskin":2,"quarry:area_card":1,"minecraft:bone":62,"minecraft:stonecutter":1,"minecraft:bow":3,"delightful:mini_melon":2,"minecraft:wheat_seeds":4,"minecraft:raw_gold":2,"minecraft:mossy_stone_bricks":5,"minecraft:diamond_helmet":1,"minecraft:glowstone_dust":14,"mna:cerublossom":3,"croptopia:roe":1,"minecraft:oak_planks":2,"mna:staff_prismarinecrystal":1,"croptopia:chile_pepper_seed":2,"irons_spellbooks:frozen_bone":15,"minecraft:cooked_porkchop":11,"irons_spellbooks:legendary_ink":2,"minecraft:sand":125,"minecraft:nether_brick_stairs":1,"minecraft:ink_sac":7,"minecraft:dead_bush":2,"minecraft:grass_block":1,"minecraft:fermented_spider_eye":1,"minecraft:mossy_cobblestone":1,"croptopia:chile_pepper":1,"minecraft:bundle":2,"minecraft:light_gray_concrete":494,"minecraft:polished_andesite":33,"minecraft:diamond":16,"minecraft:spruce_boat":4,"minecraft:lever":1,"minecraft:crossbow":2,"minecraft:golden_apple":4,"mna:wakebloom":1,"minecraft:chainmail_helmet":1,"minecraft:emerald":19,"minecraft:bread":12,"minecraft:diamond_pickaxe":2,"minecraft:crafting_table":2,"minecraft:chicken":1,"minecraft:ladder":5,"minecraft:golden_pickaxe":1,"minecraft:leather_leggings":1,"ars_nouveau:warp_scroll":2,"minecraft:stone_brick_wall":1,"minecraft:gold_block":1,"minecraft:shield":1,"epicfight:stray_pants":1,"minecraft:red_bed":3,"mna:vinteum_ore":4,"bloodandmadness:blood_vial":8,"minecraft:cracked_stone_bricks":15,"minecraft:beef":16,"mna:bone_ash":3,"minecraft:spruce_slab":2,"minecraft:quartz_stairs":1,"minecraft:chest":9,"minecraft:piston":2,"minecraft:phantom_membrane":4,"minecraft:raw_iron":20,"pipez:item_pipe":1,"sophisticatedbackpacks:backpack":1,"minecraft:stone_button":3,"minecraft:redstone":18,"minecraft:arrow":59,"minecraft:beetroot_seeds":3,"minecraft:nether_bricks":2,"minecraft:deepslate_bricks":54,"minecraft:diamond_boots":2,"bloodandmadness:sanguisteel_nugget":2,"minecraft:cracked_deepslate_bricks":8,"tombstone:essence_of_undeath":2,"minecraft:totem_of_undying":1,"minecraft:mutton":34,"minecraft:white_wool":46,"minecraft:golden_carrot":8,"minecraft:tripwire_hook":2,"minecraft:leather":24,"simplyswords:iron_claymore":1,"minecraft:oak_log":92,"minecraft:ancient_debris":6,"minecraft:gunpowder":2,"mca:book_romance":2,"tombstone:gift":4,"minecraft:white_banner":7,"irons_spellbooks:rare_ink":1,"minecraft:cooked_mutton":4,"minecraft:apple":2,"minecraft:stone_bricks":6,"minecraft:kelp":6,"quarry:quarry_block":1,"minecraft:iron_ingot":20,"dynamictrees:birch_seed":19,"minecraft:cooked_chicken":3,"minecraft:cobweb":5,"tombstone:bag_of_seeds":3,"croptopia:turnip_seed":1,"minecraft:dark_oak_stairs":1,"minecraft:book":6,"blue_skies:winter_leaf_seeds":1,"minecraft:polished_andesite_stairs":1,"minecraft:smooth_basalt":26,"rlovelyr:bunny2_spawn":1,"mna:mark_of_the_undead":3,"minecraft:sweet_berries":5,"minecraft:chiseled_stone_bricks":3,"minecraft:gravel":3,"minecraft:amethyst_shard":60,"minecraft:soul_torch":2,"delightful:salmonberries":2,"mna:aum":16,"minecraft:spider_eye":11,"mna:sachet_earth":1,"minecraft:leather_helmet":1,"mowziesmobs:naga_fang":2,"minecraft:iron_helmet":2,"minecraft:diamond_axe":1,"minecraft:gray_wool":5,"minecraft:baked_potato":5,"tombstone:magic_scroll":1,"minecraft:coal":26,"minecraft:hopper":1},"minecraft:killed":{"minecraft:cave_spider":9,"minecraft:witch":4,"minecraft:spider":10,"minecraft:cod":2,"minecraft:skeleton":33,"bloodandmadness:beast_patient":7,"minecraft:chicken":4,"irons_spellbooks:summoned_skeleton":5,"minecraft:magma_cube":149,"minecraft:pig":14,"alexsmobs:seal":1,"minecraft:creeper":3,"minecraft:sheep":23,"rlovelyr:bunny2":1,"minecraft:pillager":29,"mna:mushroom_soldier":4,"minecraft:zombie":85,"rlovelyr:vanilla":1,"minecraft:stray":3,"minecraft:blaze":1,"minecraft:cow":21,"mowziesmobs:naga":1,"minecraft:evoker":1,"minecraft:vex":2,"bloodandmadness:church_doctor":1,"irons_spellbooks:summoned_zombie":3,"bloodandmadness:cloaked_beast_patient":2,"alexsmobs:raccoon":1,"mna:skeleton_assassin":5,"minecraft:vindicator":6,"mna:pixie":1,"minecraft:phantom":11,"bloodandmadness:huntsman_axe":2,"alexsmobs:bison":2,"mna:barkling":1,"mna:hulking_zombie":6,"mna:witch_hunter":2,"ars_nouveau:drygmy":1,"creeperoverhaul:spruce_creeper":1,"minecraft:ravager":3,"minecraft:hoglin":2,"alexsmobs:crocodile":1,"minecraft:wither_skeleton":5,"minecraft:enderman":2},"minecraft:crafted":{"minecraft:oak_planks":108,"travelersbackpack:crafting_upgrade":1,"minecraft:melon_slice":3,"minecraft:diamond_shovel":1,"sophisticatedbackpacks:crafting_upgrade":1,"minecraft:cooked_mutton":10,"better_weaponry:amethyst_armor_chestplate":1,"minecraft:green_dye":30,"sophisticatedbackpacks:smelting_upgrade":1,"minecraft:glass":48,"minecraft:hopper":2,"minecraft:bow":1,"sophisticatedbackpacks:tank_upgrade":1,"travelersbackpack:green_sleeping_bag":1,"minecraft:chest":9,"better_weaponry:amethyst_hammer":1,"rlovelyr:vanilla_spawn":1,"minecraft:wooden_shovel":4,"travelersbackpack:iron_tier_upgrade":1,"sophisticatedbackpacks:backpack":1,"minecraft:cooked_porkchop":10,"minecraft:diamond_axe":1,"minecraft:crafting_table":5,"travelersbackpack:standard":6,"minecraft:baked_potato":1,"minecraft:smithing_table":1,"minecraft:birch_planks":52,"sophisticatedbackpacks:upgrade_base":3,"farmersdelight:skillet":1,"farmersdelight:beef_patty":4,"simple_weapons:diamond_halberd":1,"minecraft:string":20,"minecraft:diamond_pickaxe":2,"sophisticatedbackpacks:diamond_backpack":1,"minecraft:stick":44,"minecraft:iron_ingot":2,"minecraft:iron_pickaxe":1,"farmersdelight:cooked_bacon":4,"minecraft:netherite_ingot":1,"bettermaterials:amethyst_boots":1,"minecraft:shears":1,"travelersbackpack:netherite_tier_upgrade":1,"minecraft:raw_iron":18,"comforts:sleeping_bag_white":2,"minecraft:furnace":2,"travelersbackpack:blank_upgrade":8,"travelersbackpack:gold_tier_upgrade":1,"minecraft:diamond_block":2,"minecraft:flint_and_steel":1,"minecraft:spruce_boat":1,"rlovelyr:dragon_spawn":1,"minecraft:netherite_scrap":5,"travelersbackpack:diamond_tier_upgrade":1,"sophisticatedbackpacks:iron_backpack":1,"minecraft:cooked_beef":3,"better_weaponry:amethyst_armor_helmet":1,"farmersdelight:cooked_mutton_chops":3,"bettermaterials:amethyst_leggings":1,"travelersbackpack:backpack_tank":6,"sophisticatedbackpacks:gold_backpack":1,"minecraft:bucket":5,"minecraft:bread":19,"minecraft:blue_dye":7,"mna:fall_charm":1,"minecraft:white_wool":4,"minecraft:gold_nugget":9,"simple_hammers:diamond_hammer":1,"minecraft:anvil":1,"minecraft:torch":28,"delightful:salmonberry_pips":2,"rlovelyr:robot_core":2},"minecraft:used":{"minecraft:beetroot":1,"croptopia:calamari":1,"sophisticatedbackpacks:copper_backpack":1,"minecraft:chest":11,"rlovelyr:vanilla_spawn":1,"minecraft:mutton":3,"minecraft:obsidian":3,"minecraft:spruce_boat":5,"sophisticatedbackpacks:diamond_backpack":4,"simple_hammers:diamond_hammer":455,"minecraft:lava_bucket":1,"minecraft:sweet_berries":9,"pipez:item_pipe":1,"minecraft:furnace":1,"minecraft:cooked_cod":1,"mna:fall_charm":1,"epicfight:skillbook":19,"minecraft:diamond_boots":1,"minecraft:oak_planks":4,"minecraft:diamond_axe":326,"minecraft:cookie":9,"minecraft:golden_apple":12,"better_weaponry:amethyst_hammer":9,"minecraft:shears":11,"relics:horse_flute":7,"minecraft:melon_slice":3,"minecraft:bread":91,"minecraft:smithing_table":2,"simple_weapons:diamond_halberd":166,"minecraft:green_concrete_powder":1,"minecraft:experience_bottle":23,"bettermaterials:amethyst_boots":1,"simplyswords:iron_claymore":74,"minecraft:flint_and_steel":1,"minecraft:spruce_planks":2,"minecraft:wooden_shovel":117,"minecraft:cooked_chicken":2,"minecraft:torch":124,"minecraft:dirt":5,"minecraft:anvil":3,"minecraft:diamond_helmet":1,"farmersdelight:rope":7,"farmersdelight:beef_patty":2,"better_weaponry:amethyst_armor_helmet":1,"evilcraft:box_of_eternal_closure":1,"minecraft:smooth_basalt":12,"minecraft:diamond_chestplate":2,"minecraft:golden_carrot":8,"tombstone:gift":15,"farmersdelight:cooked_mutton_chops":3,"comforts:sleeping_bag_white":2,"minecraft:cooked_beef":51,"minecraft:cooked_mutton":31,"tombstone:scroll_of_reach":2,"minecraft:amethyst_block":3,"minecraft:birch_planks":12,"minecraft:bundle":1,"minecraft:baked_potato":11,"minecraft:cracked_stone_bricks":1,"minecraft:crafting_table":5,"minecraft:red_bed":3,"better_weaponry:amethyst_armor_chestplate":1,"delightful:mini_melon":1,"quarry:quarry_block":1,"tombstone:bag_of_seeds":3,"minecraft:diamond_pickaxe":584,"minecraft:apple":5,"quarry:area_card":4,"minecraft:iron_pickaxe":92,"minecraft:chiseled_stone_bricks":2,"farmersdelight:cooked_bacon":4,"minecraft:cobblestone":3,"minecraft:potion":6,"travelersbackpack:standard":5,"minecraft:cooked_porkchop":26,"minecraft:bucket":45,"alexsmobs:animal_dictionary":4,"minecraft:diamond_leggings":1,"epicfight:uchigatana":8},"minecraft:killed_by":{"minecraft:wither_skeleton":2,"minecraft:magma_cube":3,"siren_head:siren_head":1,"minecraft:vindicator":2,"minecraft:blaze":1,"minecraft:zombie":4,"minecraft:vex":2,"minecraft:player":2,"minecraft:spider":1,"minecraft:hoglin":1,"minecraft:phantom":1},"minecraft:mined":{"minecraft:spruce_planks":3,"minecraft:stone_pressure_plate":2,"minecraft:red_nether_bricks":1,"minecraft:obsidian":10,"minecraft:granite":1,"minecraft:budding_amethyst":34,"minecraft:stone_brick_wall":2,"minecraft:grass_block":5,"minecraft:coal_block":3,"minecraft:deepslate_bricks":57,"minecraft:deepslate_tile_stairs":57,"minecraft:hopper":2,"minecraft:chiseled_stone_bricks":3,"minecraft:spawner":41,"comforts:sleeping_bag_white":1,"minecraft:glowstone":4,"minecraft:iron_ore":20,"minecraft:deepslate_lapis_ore":1,"minecraft:nether_brick_stairs":3,"minecraft:enchanting_table":1,"minecraft:iron_bars":20,"minecraft:oak_stairs":1,"minecraft:light_gray_concrete":523,"minecraft:spruce_slab":3,"minecraft:tripwire":1,"minecraft:cyan_terracotta":1,"minecraft:red_bed":3,"minecraft:kelp_plant":4,"minecraft:amethyst_cluster":12,"minecraft:chiseled_quartz_block":189,"minecraft:torch":4,"minecraft:polished_andesite_stairs":2,"minecraft:calcite":168,"minecraft:green_concrete_powder":4,"mna:cerublossom":5,"minecraft:chest":7,"minecraft:cobblestone":18,"minecraft:oak_planks":1,"minecraft:iron_door":1,"minecraft:wall_torch":1,"minecraft:amethyst_block":350,"minecraft:warped_planks":2,"minecraft:light_gray_stained_glass":2,"celestisynth:lunar_stone":4,"minecraft:smooth_stone_slab":9,"minecraft:stone_brick_stairs":27,"minecraft:grass":26,"minecraft:oak_log":1,"delightful:mini_melon":2,"minecraft:dirt":4,"minecraft:sand":130,"minecraft:smooth_quartz":739,"minecraft:sandstone_wall":2,"minecraft:smooth_basalt":35,"minecraft:ancient_debris":5,"minecraft:netherrack":2,"minecraft:piston":2,"minecraft:deepslate":26,"minecraft:tuff":1,"minecraft:quartz_stairs":6,"minecraft:mossy_cobblestone":2,"minecraft:nether_bricks":3,"minecraft:ladder":1,"evilcraft:environmental_accumulator":1,"mna:vinteum_ore":4,"minecraft:black_stained_glass_pane":1,"minecraft:furnace":5,"minecraft:polished_basalt":1,"mna:aum":16,"minecraft:andesite":8,"dynamictrees:spruce_leaves":4,"minecraft:gold_block":1,"minecraft:polished_deepslate":19,"minecraft:bookshelf":3,"dynamictrees:oak_branch":219,"farmersdelight:rope":1,"minecraft:vine":39,"minecraft:stone":13,"minecraft:white_wool":4,"minecraft:green_wool":7,"minecraft:smithing_table":1,"minecraft:redstone_block":3,"minecraft:gray_concrete":47,"minecraft:oak_fence":1,"minecraft:crafting_table":4,"minecraft:tall_grass":2,"minecraft:lapis_ore":1,"minecraft:cracked_deepslate_bricks":6,"delightful:wild_salmonberries":2,"minecraft:air":99,"farmersdelight:wild_beetroots":1,"minecraft:coal_ore":13,"minecraft:gravel":3,"minecraft:cobweb":6,"felicity_craft:tomato_plant":1,"minecraft:cracked_stone_bricks":14,"minecraft:polished_andesite":26,"minecraft:stone_bricks":6,"minecraft:gold_ore":1},"minecraft:broken":{"minecraft:wooden_shovel":2,"minecraft:diamond_helmet":1,"minecraft:diamond_boots":1,"minecraft:leather_helmet":1,"minecraft:diamond_chestplate":1,"mna:fall_charm":1},"minecraft:dropped":{"rlovelyr:dragon_spawn":1,"minecraft:iron_sword":1,"minecraft:porkchop":2,"minecraft:cooked_beef":13,"minecraft:oak_log":64,"travelersbackpack:standard":1,"farmersdelight:beef_patty":2,"minecraft:emerald":10,"irons_spellbooks:hogskin":2,"minecraft:amethyst_shard":1,"minecraft:sand":317,"minecraft:iron_pickaxe":2,"minecraft:birch_log":17,"minecraft:white_wool":35,"tombstone:familiar_receptacle":2,"minecraft:gold_ingot":21,"minecraft:cooked_chicken":1,"minecraft:rotten_flesh":2,"minecraft:oak_planks":1,"minecraft:glowstone_dust":10,"minecraft:cooked_mutton":10,"minecraft:gunpowder":66,"minecraft:hopper":3,"comforts:sleeping_bag_white":1,"minecraft:arrow":3,"minecraft:enchanted_book":1,"minecraft:iron_ingot":45,"minecraft:bread":17,"mna:staff_prismarinecrystal":1,"minecraft:lead":2,"minecraft:apple":27,"minecraft:spruce_door":29,"minecraft:coal":13,"minecraft:stick":12,"minecraft:blue_dye":7,"mca:book_romance":1,"relics:roller_skates":1,"minecraft:torch":26,"minecraft:green_dye":30,"minecraft:wooden_axe":1,"rlovelyr:bunny2_spawn":1,"minecraft:dead_bush":1,"minecraft:string":1,"ars_nouveau:caster_tome":1,"mna:guide_book":1,"minecraft:anvil":4,"artifacts:kitty_slippers":1,"minecraft:raw_iron":18,"sophisticatedbackpacks:backpack":2,"minecraft:shield":1,"minecraft:spruce_planks":2,"minecraft:diamond_pickaxe":3,"minecraft:wooden_shovel":1,"minecraft:stone_bricks":1,"minecraft:diamond_boots":1,"bloodandmadness:blood_stone_shard":1,"minecraft:raw_gold":1,"pipez:wrench":1,"simplyswords:iron_claymore":1,"epicfight:skillbook":10,"ars_nouveau:warp_scroll":1}},"DataVersion":3120}