{"stats":{"minecraft:picked_up":{"minecraft:wheat":59,"minecraft:redstone_block":3,"minecraft:chainmail_boots":1,"minecraft:anvil":8,"minecraft:smithing_table":1,"minecraft:lead":2,"minecraft:diamond_sword":1,"minecraft:oak_stairs":1,"minecraft:potion":3,"minecraft:enchanted_book":2,"croptopia:calamari":3,"minecraft:stone_brick_stairs":45,"minecraft:amethyst_block":16,"minecraft:polished_deepslate":27,"minecraft:string":17,"minecraft:smooth_stone_slab":92,"minecraft:beetroot":1,"mna:mark_of_the_fey":2,"minecraft:diamond_leggings":1,"celestisynth:lunar_stone":1,"minecraft:spruce_planks":5,"delightful:acorn":1,"minecraft:smooth_quartz":616,"minecraft:wooden_shovel":1,"dynamictrees:oak_seed":3,"minecraft:iron_pickaxe":2,"mna:guide_book":1,"alexsmobs:raccoon_tail":1,"minecraft:coal_block":3,"minecraft:furnace":5,"minecraft:tipped_arrow":2,"minecraft:stick":59,"minecraft:torch":69,"epicfight:skillbook":10,"minecraft:sandstone_wall":1,"minecraft:porkchop":17,"tombstone:grave_dust":15,"minecraft:warped_planks":2,"minecraft:deepslate_tile_stairs":45,"mna:sachet_ender":5,"minecraft:rotten_flesh":70,"farmersdelight:rope":1,"minecraft:green_wool":5,"minecraft:blaze_rod":1,"minecraft:obsidian":12,"bloodandmadness:blood_stone_shard":3,"minecraft:iron_bars":14,"minecraft:cod":1,"minecraft:cobblestone":32,"minecraft:birch_log":6,"immersive_armors:bone_helmet":1,"minecraft:cooked_beef":35,"minecraft:feather":2,"minecraft:repeater":5,"minecraft:magma_cream":6,"minecraft:andesite":4,"minecraft:green_concrete_powder":3,"minecraft:golden_leggings":1,"minecraft:chiseled_quartz_block":167,"minecraft:potato":3,"alexsmobs:bison_fur":3,"evilcraft:flesh_humanoid":1,"minecraft:gray_concrete":39,"minecraft:dirt":19,"tombstone:familiar_receptacle":2,"irons_spellbooks:hogskin":2,"minecraft:bone":48,"minecraft:stonecutter":1,"minecraft:bow":2,"minecraft:wheat_seeds":4,"minecraft:raw_gold":2,"minecraft:mossy_stone_bricks":5,"minecraft:diamond_helmet":1,"minecraft:glowstone_dust":14,"croptopia:roe":1,"mna:cerublossom":3,"minecraft:oak_planks":2,"mna:staff_prismarinecrystal":1,"croptopia:chile_pepper_seed":2,"irons_spellbooks:frozen_bone":15,"minecraft:cooked_porkchop":11,"irons_spellbooks:legendary_ink":2,"minecraft:sand":125,"minecraft:nether_brick_stairs":1,"minecraft:ink_sac":7,"minecraft:dead_bush":2,"minecraft:fermented_spider_eye":1,"minecraft:mossy_cobblestone":1,"croptopia:chile_pepper":1,"minecraft:bundle":2,"minecraft:light_gray_concrete":494,"minecraft:polished_andesite":24,"minecraft:diamond":16,"minecraft:spruce_boat":4,"minecraft:lever":1,"minecraft:crossbow":1,"minecraft:golden_apple":4,"mna:wakebloom":1,"minecraft:emerald":19,"minecraft:diamond_pickaxe":2,"minecraft:crafting_table":2,"minecraft:chicken":1,"minecraft:ladder":5,"minecraft:leather_leggings":1,"minecraft:golden_pickaxe":1,"minecraft:stone_brick_wall":1,"ars_nouveau:warp_scroll":2,"minecraft:gold_block":1,"minecraft:shield":1,"epicfight:stray_pants":1,"minecraft:red_bed":3,"mna:vinteum_ore":4,"bloodandmadness:blood_vial":5,"minecraft:cracked_stone_bricks":9,"minecraft:beef":12,"mna:bone_ash":3,"minecraft:spruce_slab":2,"minecraft:quartz_stairs":1,"minecraft:chest":7,"minecraft:piston":2,"minecraft:phantom_membrane":3,"minecraft:raw_iron":20,"sophisticatedbackpacks:backpack":1,"minecraft:stone_button":3,"minecraft:redstone":18,"minecraft:arrow":39,"minecraft:beetroot_seeds":3,"minecraft:nether_bricks":1,"minecraft:deepslate_bricks":54,"minecraft:diamond_boots":2,"minecraft:cracked_deepslate_bricks":8,"bloodandmadness:sanguisteel_nugget":1,"minecraft:totem_of_undying":1,"tombstone:essence_of_undeath":2,"minecraft:mutton":16,"minecraft:white_wool":18,"minecraft:tripwire_hook":2,"minecraft:golden_carrot":8,"minecraft:leather":22,"simplyswords:iron_claymore":1,"minecraft:oak_log":11,"minecraft:ancient_debris":6,"minecraft:gunpowder":2,"mca:book_romance":2,"minecraft:white_banner":6,"tombstone:gift":4,"irons_spellbooks:rare_ink":1,"minecraft:cooked_mutton":4,"minecraft:apple":2,"minecraft:stone_bricks":5,"minecraft:kelp":6,"minecraft:iron_ingot":9,"dynamictrees:birch_seed":4,"minecraft:cooked_chicken":3,"minecraft:cobweb":5,"tombstone:bag_of_seeds":3,"croptopia:turnip_seed":1,"minecraft:dark_oak_stairs":1,"blue_skies:winter_leaf_seeds":1,"minecraft:book":6,"rlovelyr:bunny2_spawn":1,"minecraft:sweet_berries":5,"minecraft:chiseled_stone_bricks":3,"minecraft:soul_torch":2,"delightful:salmonberries":2,"mna:aum":16,"minecraft:spider_eye":8,"mowziesmobs:naga_fang":2,"minecraft:iron_helmet":2,"minecraft:gray_wool":5,"minecraft:coal":26},"minecraft:killed":{"minecraft:cave_spider":9,"minecraft:witch":4,"minecraft:spider":8,"minecraft:cod":2,"minecraft:skeleton":29,"bloodandmadness:beast_patient":4,"minecraft:chicken":4,"irons_spellbooks:summoned_skeleton":3,"minecraft:magma_cube":149,"minecraft:pig":11,"alexsmobs:seal":1,"minecraft:creeper":3,"minecraft:sheep":10,"rlovelyr:bunny2":1,"minecraft:pillager":24,"mna:mushroom_soldier":4,"minecraft:zombie":80,"minecraft:stray":3,"minecraft:cow":18,"minecraft:blaze":1,"mowziesmobs:naga":1,"minecraft:evoker":1,"minecraft:vex":2,"bloodandmadness:church_doctor":1,"irons_spellbooks:summoned_zombie":1,"bloodandmadness:cloaked_beast_patient":1,"alexsmobs:raccoon":1,"mna:skeleton_assassin":4,"minecraft:vindicator":6,"mna:pixie":1,"minecraft:phantom":10,"bloodandmadness:huntsman_axe":1,"alexsmobs:bison":2,"mna:hulking_zombie":2,"ars_nouveau:drygmy":1,"creeperoverhaul:spruce_creeper":1,"minecraft:ravager":3,"minecraft:hoglin":2,"alexsmobs:crocodile":1,"minecraft:wither_skeleton":5,"minecraft:enderman":1},"minecraft:custom":{"minecraft:interact_with_crafting_table":82,"minecraft:open_barrel":35,"minecraft:leave_game":12,"minecraft:time_since_death":261820,"minecraft:damage_resisted":178,"minecraft:sprint_one_cm":1535786,"minecraft:drop":159,"minecraft:play_noteblock":1,"minecraft:talked_to_villager":3,"minecraft:play_time":864809,"minecraft:deaths":21,"minecraft:jump":5067,"minecraft:walk_on_water_one_cm":83113,"minecraft:interact_with_furnace":66,"minecraft:traded_with_villager":1,"minecraft:interact_with_cartography_table":1,"minecraft:sleep_in_bed":7,"minecraft:waystone_activated":4,"minecraft:damage_dealt":62371,"minecraft:player_kills":1,"minecraft:crouch_one_cm":114607,"tombstone:undead_killed":140,"minecraft:inspect_dispenser":2,"minecraft:interact_with_smithing_table":9,"minecraft:mob_kills":483,"minecraft:interact_with_anvil":15,"minecraft:climb_one_cm":99940,"minecraft:walk_one_cm":4913801,"minecraft:damage_dealt_absorbed":1240,"minecraft:raid_win":1,"minecraft:sneak_time":5155,"minecraft:walk_under_water_one_cm":61363,"minecraft:boat_one_cm":472689,"minecraft:interact_with_blast_furnace":1,"minecraft:total_world_time":864809,"tombstone:raider_killed":48,"minecraft:raid_trigger":1,"minecraft:interact_with_grindstone":2,"minecraft:time_since_rest":69994,"minecraft:damage_taken":22682,"minecraft:damage_absorbed":321,"tombstone:cast_on_ally":1,"minecraft:swim_one_cm":36545,"minecraft:fly_one_cm":961729,"minecraft:open_chest":452,"minecraft:fall_one_cm":318256},"minecraft:broken":{"minecraft:wooden_shovel":2,"minecraft:diamond_helmet":1,"minecraft:diamond_boots":1,"mna:fall_charm":1},"minecraft:used":{"minecraft:beetroot":1,"croptopia:calamari":1,"sophisticatedbackpacks:copper_backpack":1,"minecraft:chest":11,"minecraft:obsidian":3,"sophisticatedbackpacks:diamond_backpack":4,"minecraft:spruce_boat":4,"simple_hammers:diamond_hammer":337,"minecraft:sweet_berries":9,"minecraft:furnace":1,"minecraft:cooked_cod":1,"mna:fall_charm":1,"epicfight:skillbook":19,"minecraft:diamond_boots":1,"minecraft:oak_planks":1,"minecraft:diamond_axe":309,"minecraft:cookie":9,"minecraft:golden_apple":12,"minecraft:shears":7,"relics:horse_flute":7,"minecraft:bread":71,"minecraft:smithing_table":2,"simple_weapons:diamond_halberd":68,"minecraft:green_concrete_powder":1,"minecraft:experience_bottle":23,"simplyswords:iron_claymore":69,"minecraft:flint_and_steel":1,"minecraft:spruce_planks":2,"minecraft:wooden_shovel":117,"minecraft:cooked_chicken":2,"minecraft:torch":111,"minecraft:dirt":5,"minecraft:anvil":2,"minecraft:diamond_helmet":1,"farmersdelight:rope":7,"farmersdelight:beef_patty":2,"evilcraft:box_of_eternal_closure":1,"minecraft:diamond_chestplate":2,"minecraft:golden_carrot":8,"tombstone:gift":13,"farmersdelight:cooked_mutton_chops":3,"minecraft:cooked_beef":47,"minecraft:cooked_mutton":18,"tombstone:scroll_of_reach":2,"minecraft:amethyst_block":3,"minecraft:birch_planks":12,"minecraft:bundle":1,"minecraft:baked_potato":6,"minecraft:cracked_stone_bricks":1,"minecraft:crafting_table":5,"minecraft:red_bed":3,"tombstone:bag_of_seeds":3,"minecraft:diamond_pickaxe":584,"minecraft:apple":5,"minecraft:iron_pickaxe":92,"minecraft:chiseled_stone_bricks":2,"farmersdelight:cooked_bacon":4,"minecraft:cobblestone":3,"minecraft:potion":6,"travelersbackpack:standard":5,"minecraft:cooked_porkchop":21,"minecraft:bucket":2,"alexsmobs:animal_dictionary":4,"minecraft:diamond_leggings":1,"epicfight:uchigatana":8},"minecraft:crafted":{"minecraft:oak_planks":44,"travelersbackpack:crafting_upgrade":1,"minecraft:diamond_shovel":1,"minecraft:cooked_mutton":10,"minecraft:green_dye":30,"sophisticatedbackpacks:smelting_upgrade":1,"minecraft:glass":48,"minecraft:bow":1,"travelersbackpack:green_sleeping_bag":1,"minecraft:chest":8,"rlovelyr:vanilla_spawn":1,"travelersbackpack:iron_tier_upgrade":1,"minecraft:wooden_shovel":4,"sophisticatedbackpacks:backpack":1,"minecraft:cooked_porkchop":10,"minecraft:diamond_axe":1,"minecraft:crafting_table":4,"travelersbackpack:standard":6,"minecraft:baked_potato":1,"minecraft:smithing_table":1,"minecraft:birch_planks":24,"sophisticatedbackpacks:upgrade_base":1,"farmersdelight:skillet":1,"farmersdelight:beef_patty":4,"simple_weapons:diamond_halberd":1,"minecraft:string":16,"minecraft:diamond_pickaxe":2,"sophisticatedbackpacks:diamond_backpack":1,"minecraft:stick":40,"minecraft:iron_ingot":2,"minecraft:iron_pickaxe":1,"farmersdelight:cooked_bacon":4,"minecraft:netherite_ingot":1,"minecraft:shears":1,"travelersbackpack:netherite_tier_upgrade":1,"minecraft:furnace":2,"travelersbackpack:blank_upgrade":8,"travelersbackpack:gold_tier_upgrade":1,"minecraft:diamond_block":2,"minecraft:flint_and_steel":1,"minecraft:spruce_boat":1,"rlovelyr:dragon_spawn":1,"minecraft:netherite_scrap":5,"travelersbackpack:diamond_tier_upgrade":1,"sophisticatedbackpacks:iron_backpack":1,"minecraft:cooked_beef":3,"farmersdelight:cooked_mutton_chops":3,"travelersbackpack:backpack_tank":6,"sophisticatedbackpacks:gold_backpack":1,"minecraft:bucket":1,"minecraft:bread":19,"minecraft:blue_dye":7,"mna:fall_charm":1,"minecraft:white_wool":1,"minecraft:gold_nugget":9,"simple_hammers:diamond_hammer":1,"minecraft:anvil":1,"delightful:salmonberry_pips":2,"minecraft:torch":16,"rlovelyr:robot_core":2},"minecraft:mined":{"minecraft:stone_pressure_plate":2,"minecraft:spruce_planks":3,"minecraft:obsidian":10,"minecraft:stone_brick_wall":2,"minecraft:grass_block":3,"minecraft:coal_block":3,"minecraft:deepslate_bricks":57,"minecraft:deepslate_tile_stairs":57,"minecraft:hopper":2,"minecraft:chiseled_stone_bricks":3,"minecraft:spawner":41,"minecraft:glowstone":4,"minecraft:iron_ore":20,"minecraft:deepslate_lapis_ore":1,"minecraft:nether_brick_stairs":3,"minecraft:oak_stairs":1,"minecraft:iron_bars":18,"minecraft:light_gray_concrete":523,"minecraft:tripwire":1,"minecraft:spruce_slab":3,"minecraft:red_bed":3,"minecraft:cyan_terracotta":1,"minecraft:kelp_plant":4,"minecraft:chiseled_quartz_block":189,"minecraft:torch":3,"minecraft:green_concrete_powder":4,"mna:cerublossom":5,"minecraft:chest":7,"minecraft:cobblestone":10,"minecraft:oak_planks":1,"minecraft:iron_door":1,"minecraft:wall_torch":1,"minecraft:amethyst_block":16,"minecraft:warped_planks":2,"minecraft:light_gray_stained_glass":2,"celestisynth:lunar_stone":4,"minecraft:stone_brick_stairs":27,"minecraft:smooth_stone_slab":9,"minecraft:grass":23,"minecraft:oak_log":1,"minecraft:dirt":4,"minecraft:sand":130,"minecraft:smooth_quartz":739,"minecraft:sandstone_wall":2,"minecraft:netherrack":2,"minecraft:ancient_debris":5,"minecraft:piston":2,"minecraft:deepslate":26,"minecraft:tuff":1,"minecraft:quartz_stairs":6,"minecraft:mossy_cobblestone":2,"minecraft:ladder":1,"minecraft:nether_bricks":2,"evilcraft:environmental_accumulator":1,"mna:vinteum_ore":4,"minecraft:black_stained_glass_pane":1,"minecraft:furnace":5,"minecraft:polished_basalt":1,"mna:aum":16,"minecraft:andesite":7,"dynamictrees:spruce_leaves":4,"minecraft:gold_block":1,"minecraft:polished_deepslate":19,"minecraft:bookshelf":3,"dynamictrees:oak_branch":219,"farmersdelight:rope":1,"minecraft:vine":39,"minecraft:stone":10,"minecraft:green_wool":7,"minecraft:smithing_table":1,"minecraft:redstone_block":3,"minecraft:gray_concrete":47,"minecraft:oak_fence":1,"minecraft:crafting_table":4,"minecraft:tall_grass":1,"minecraft:lapis_ore":1,"minecraft:cracked_deepslate_bricks":6,"delightful:wild_salmonberries":2,"minecraft:air":99,"farmersdelight:wild_beetroots":1,"minecraft:coal_ore":13,"felicity_craft:tomato_plant":1,"minecraft:cobweb":6,"minecraft:cracked_stone_bricks":6,"minecraft:polished_andesite":7,"minecraft:stone_bricks":3,"minecraft:gold_ore":1},"minecraft:dropped":{"rlovelyr:dragon_spawn":1,"minecraft:iron_sword":1,"minecraft:porkchop":2,"minecraft:cooked_beef":13,"farmersdelight:beef_patty":2,"minecraft:emerald":10,"irons_spellbooks:hogskin":2,"minecraft:sand":125,"minecraft:iron_pickaxe":2,"minecraft:white_wool":5,"tombstone:familiar_receptacle":2,"minecraft:gold_ingot":21,"minecraft:cooked_chicken":1,"minecraft:rotten_flesh":2,"minecraft:oak_planks":1,"minecraft:glowstone_dust":10,"minecraft:cooked_mutton":10,"minecraft:arrow":3,"minecraft:enchanted_book":1,"minecraft:bread":17,"mna:staff_prismarinecrystal":1,"minecraft:lead":2,"minecraft:apple":27,"minecraft:spruce_door":29,"minecraft:coal":13,"minecraft:stick":12,"minecraft:blue_dye":7,"mca:book_romance":1,"relics:roller_skates":1,"minecraft:torch":26,"minecraft:green_dye":30,"minecraft:wooden_axe":1,"rlovelyr:bunny2_spawn":1,"minecraft:dead_bush":1,"minecraft:string":1,"ars_nouveau:caster_tome":1,"mna:guide_book":1,"minecraft:anvil":4,"minecraft:raw_iron":18,"sophisticatedbackpacks:backpack":2,"minecraft:shield":1,"minecraft:spruce_planks":2,"minecraft:diamond_pickaxe":3,"minecraft:wooden_shovel":1,"minecraft:stone_bricks":1,"minecraft:diamond_boots":1,"bloodandmadness:blood_stone_shard":1,"minecraft:raw_gold":1,"simplyswords:iron_claymore":1,"epicfight:skillbook":10,"ars_nouveau:warp_scroll":1},"minecraft:killed_by":{"minecraft:wither_skeleton":2,"minecraft:magma_cube":3,"siren_head:siren_head":1,"minecraft:vindicator":2,"minecraft:blaze":1,"minecraft:zombie":4,"minecraft:vex":2,"minecraft:hoglin":1,"minecraft:phantom":1}},"DataVersion":3120}